23858, 20211224.6, 2021-12-24T15:24:35.105368Z, dependency_graph, failed, completed, compatibility_matrix Python38-PandasLatest | 2188, comprehensive Python38 | 5289, mysql | 4308, test_cli | 451
23854, 20211224.5, 2021-12-24T05:33:56.0601462Z, dependency_graph, succeeded, completed, compatibility_matrix Python38-PandasLatest | 0, comprehensive Python38 | 0, mysql | 0, test_cli | 0
23851, 20211224.4, 2021-12-24T05:30:11.7070164Z, dependency_graph, succeeded, completed, compatibility_matrix Python38-PandasLatest | 0, comprehensive Python38 | 0, mysql | 0, test_cli | 0
23848, 20211224.3, 2021-12-24T01:05:33.5385012Z, dependency_graph, failed, completed, compatibility_matrix Python38-PandasLatest | 2535, comprehensive Python38 | 5774, mysql | 4768, test_cli | 0
23846, 20211224.2, 2021-12-24T00:44:55.043728Z, dependency_graph, succeeded, completed, compatibility_matrix Python38-PandasLatest | 0, comprehensive Python38 | 0, mysql | 0, test_cli | 0
23844, 20211224.1, 2021-12-24T00:27:05.7175032Z, dependency_graph, succeeded, completed, compatibility_matrix Python38-PandasLatest | 0, comprehensive Python38 | 0, mysql | 0, test_cli | 0
23840, 20211223.36, 2021-12-23T23:47:07.4649772Z, dependency_graph, succeeded, completed, compatibility_matrix Python38-PandasLatest | 0, comprehensive Python38 | 0, mysql | 0, test_cli | 0
23836, 20211223.35, 2021-12-23T23:46:53.4338747Z, dependency_graph, succeeded, completed, compatibility_matrix Python38-PandasLatest | 0, comprehensive Python38 | 0, mysql | 0, test_cli | 0
23832, 20211223.34, 2021-12-23T23:36:03.5036528Z, dependency_graph, canceled, completed, compatibility_matrix Python38-PandasLatest | 0, comprehensive Python38 | 0, mysql | 0, test_cli | 0
23828, 20211223.33, 2021-12-23T22:58:21.2806032Z, dependency_graph, succeeded, completed, compatibility_matrix Python38-PandasLatest | 2528, comprehensive Python38 | 5767, mysql | 4761, test_cli | 444
23820, 20211223.31, 2021-12-23T22:05:36.6839071Z, dependency_graph, failed, completed, compatibility_matrix Python38-PandasLatest | 0, comprehensive Python38 | 0, mysql | 0, test_cli | 0
23816, 20211223.30, 2021-12-23T21:44:00.9538071Z, dependency_graph, succeeded, completed, compatibility_matrix Python38-PandasLatest | 0, comprehensive Python38 | 0, mysql | 0, test_cli | 0
23812, 20211223.29, 2021-12-23T21:42:45.8862478Z, dependency_graph, failed, completed, compatibility_matrix Python38-PandasLatest | 0, comprehensive Python38 | 0, mysql | 0, test_cli | 0
23808, 20211223.28, 2021-12-23T20:54:49.4173568Z, dependency_graph, succeeded, completed, compatibility_matrix Python38-PandasLatest | 2287, comprehensive Python38 | 5494, mysql | 4494, test_cli | 444
23804, 20211223.27, 2021-12-23T20:54:36.5321715Z, dependency_graph, succeeded, completed, compatibility_matrix Python38-PandasLatest | 2287, comprehensive Python38 | 5494, mysql | 4494, test_cli | 444
23802, 20211223.26, 2021-12-23T20:53:24.9668395Z, dependency_graph, succeeded, completed, compatibility_matrix Python38-PandasLatest | 0, comprehensive Python38 | 0, mysql | 0, test_cli | 0
23794, 20211223.24, 2021-12-23T20:49:15.9815497Z, dependency_graph, succeeded, completed, compatibility_matrix Python38-PandasLatest | 2286, comprehensive Python38 | 5493, mysql | 4493, test_cli | 444
23792, 20211223.23, 2021-12-23T19:28:13.6358455Z, dependency_graph, succeeded, completed, compatibility_matrix Python38-PandasLatest | 2287, comprehensive Python38 | 5494, mysql | 4494, test_cli | 444
23788, 20211223.22, 2021-12-23T19:11:06.8017448Z, dependency_graph, succeeded, completed, compatibility_matrix Python38-PandasLatest | 0, comprehensive Python38 | 0, mysql | 0, test_cli | 0
23786, 20211223.21, 2021-12-23T18:32:46.2301153Z, dependency_graph, succeeded, completed, compatibility_matrix Python38-PandasLatest | 59, comprehensive Python38 | 59, mysql | 59, test_cli | 0
23782, 20211223.20, 2021-12-23T18:21:43.6328739Z, dependency_graph, succeeded, completed, compatibility_matrix Python38-PandasLatest | 0, comprehensive Python38 | 0, mysql | 0, test_cli | 0
23778, 20211223.19, 2021-12-23T18:09:35.2498343Z, dependency_graph, succeeded, completed, compatibility_matrix Python38-PandasLatest | 0, comprehensive Python38 | 0, mysql | 0, test_cli | 0
23775, 20211223.18, 2021-12-23T17:55:37.1661728Z, dependency_graph, succeeded, completed, compatibility_matrix Python38-PandasLatest | 0, comprehensive Python38 | 0, mysql | 0, test_cli | 0
23772, 20211223.17, 2021-12-23T17:52:39.5525376Z, dependency_graph, succeeded, completed, compatibility_matrix Python38-PandasLatest | 2287, comprehensive Python38 | 5494, mysql | 4494, test_cli | 444
23764, 20211223.15, 2021-12-23T17:36:54.5869863Z, dependency_graph, succeeded, completed, compatibility_matrix Python38-PandasLatest | 0, comprehensive Python38 | 0, mysql | 0, test_cli | 0
23756, 20211223.13, 2021-12-23T17:23:04.9089395Z, dependency_graph, succeeded, completed, compatibility_matrix Python38-PandasLatest | 59, comprehensive Python38 | 59, mysql | 59, test_cli | 0
23752, 20211223.12, 2021-12-23T09:41:22.5897205Z, dependency_graph, succeeded, completed, compatibility_matrix Python38-PandasLatest | 2286, comprehensive Python38 | 5493, mysql | 4493, test_cli | 444
23748, 20211223.11, 2021-12-23T09:41:08.7753881Z, dependency_graph, succeeded, completed, compatibility_matrix Python38-PandasLatest | 2286, comprehensive Python38 | 5493, mysql | 4493, test_cli | 444
23746, 20211223.10, 2021-12-23T08:47:44.87225Z, dependency_graph, failed, completed, compatibility_matrix Python38-PandasLatest | 2286, comprehensive Python38 | 5493, mysql | 4493, test_cli | 0
23742, 20211223.9, 2021-12-23T08:47:33.0857076Z, dependency_graph, failed, completed, compatibility_matrix Python38-PandasLatest | 2286, comprehensive Python38 | 5493, mysql | 4493, test_cli | 0
23736, 20211223.7, 2021-12-23T08:43:08.3217261Z, dependency_graph, failed, completed, compatibility_matrix Python38-PandasLatest | 2286, comprehensive Python38 | 5493, mysql | 4493, test_cli | 0
23734, 20211223.6, 2021-12-23T06:32:19.3848506Z, dependency_graph, succeeded, completed, compatibility_matrix Python38-PandasLatest | 2285, comprehensive Python38 | 5492, mysql | 4492, test_cli | 444
23729, 20211223.5, 2021-12-23T02:39:44.553085Z, dependency_graph, failed, completed, compatibility_matrix Python38-PandasLatest | 2287, comprehensive Python38 | 5494, mysql | 4494, test_cli | 0
23725, 20211223.4, 2021-12-23T02:37:31.9435647Z, dependency_graph, succeeded, completed, compatibility_matrix Python38-PandasLatest | 0, comprehensive Python38 | 0, mysql | 0, test_cli | 0
23719, 20211223.2, 2021-12-23T01:34:51.3615778Z, dependency_graph, succeeded, completed, compatibility_matrix Python38-PandasLatest | 59, comprehensive Python38 | 59, mysql | 59, test_cli | 0
23715, 20211223.1, 2021-12-23T00:00:28.4117936Z, dependency_graph, failed, completed, compatibility_matrix Python38-PandasLatest | 2287, comprehensive Python38 | 5494, mysql | 4494, test_cli | 444
23711, 20211222.11, 2021-12-22T23:27:01.8107326Z, dependency_graph, succeeded, completed, compatibility_matrix Python38-PandasLatest | 59, comprehensive Python38 | 59, mysql | 59, test_cli | 0
23707, 20211222.10, 2021-12-22T23:24:10.068625Z, dependency_graph, failed, completed, compatibility_matrix Python38-PandasLatest | 1797, comprehensive Python38 | 3596, mysql | 3030, test_cli | 0
23704, 20211222.9, 2021-12-22T23:24:00.8935007Z, dependency_graph, failed, completed, compatibility_matrix Python38-PandasLatest | 1797, comprehensive Python38 | 3596, mysql | 3030, test_cli | 0
23699, 20211222.8, 2021-12-22T22:19:22.6714219Z, dependency_graph, succeeded, completed, compatibility_matrix Python38-PandasLatest | 0, comprehensive Python38 | 0, mysql | 0, test_cli | 0
23695, 20211222.7, 2021-12-22T22:18:28.2881741Z, dependency_graph, succeeded, completed, compatibility_matrix Python38-PandasLatest | 0, comprehensive Python38 | 0, mysql | 0, test_cli | 0
23691, 20211222.6, 2021-12-22T18:13:41.8729286Z, dependency_graph, failed, completed, compatibility_matrix Python38-PandasLatest | 2189, comprehensive Python38 | 5290, mysql | 4309, test_cli | 0
23687, 20211222.5, 2021-12-22T16:26:45.9415496Z, dependency_graph, succeeded, completed, compatibility_matrix Python38-PandasLatest | 2188, comprehensive Python38 | 5289, mysql | 4308, test_cli | 451
23683, 20211222.4, 2021-12-22T12:57:15.4197677Z, dependency_graph, succeeded, completed, compatibility_matrix Python38-PandasLatest | 0, comprehensive Python38 | 0, mysql | 0, test_cli | 0
23679, 20211222.3, 2021-12-22T12:54:48.7861218Z, dependency_graph, succeeded, completed, compatibility_matrix Python38-PandasLatest | 0, comprehensive Python38 | 0, mysql | 0, test_cli | 0
23675, 20211222.2, 2021-12-22T12:27:03.6415921Z, dependency_graph, succeeded, completed, compatibility_matrix Python38-PandasLatest | 0, comprehensive Python38 | 0, mysql | 0, test_cli | 0
23670, 20211222.1, 2021-12-22T01:32:49.975126Z, dependency_graph, succeeded, completed, compatibility_matrix Python38-PandasLatest | 2526, comprehensive Python38 | 5765, mysql | 4759, test_cli | 444
23666, 20211221.32, 2021-12-21T22:44:26.5480956Z, dependency_graph, failed, completed, compatibility_matrix Python38-PandasLatest | 2189, comprehensive Python38 | 5290, mysql | 4309, test_cli | 0
23662, 20211221.31, 2021-12-21T22:36:11.920038Z, dependency_graph, succeeded, completed, compatibility_matrix Python38-PandasLatest | 0, comprehensive Python38 | 0, mysql | 0, test_cli | 0
23658, 20211221.30, 2021-12-21T21:17:58.022009Z, dependency_graph, succeeded, completed, compatibility_matrix Python38-PandasLatest | 57, comprehensive Python38 | 57, mysql | 57, test_cli | 0
23654, 20211221.29, 2021-12-21T18:56:05.8535264Z, dependency_graph, failed, completed, compatibility_matrix Python38-PandasLatest | 0, comprehensive Python38 | 0, mysql | 0, test_cli | 0
23651, 20211221.28, 2021-12-21T18:21:55.9961488Z, dependency_graph, succeeded, completed, compatibility_matrix Python38-PandasLatest | 0, comprehensive Python38 | 0, mysql | 0, test_cli | 0
23647, 20211221.27, 2021-12-21T17:40:02.205128Z, dependency_graph, succeeded, completed, compatibility_matrix Python38-PandasLatest | 56, comprehensive Python38 | 56, mysql | 56, test_cli | 0
23639, 20211221.25, 2021-12-21T17:33:38.6709249Z, dependency_graph, failed, completed, compatibility_matrix Python38-PandasLatest | 0, comprehensive Python38 | 0, mysql | 0, test_cli | 0
23635, 20211221.24, 2021-12-21T16:15:38.9700022Z, dependency_graph, succeeded, completed, compatibility_matrix Python38-PandasLatest | 2188, comprehensive Python38 | 5289, mysql | 4308, test_cli | 451
23632, 20211221.23, 2021-12-21T15:27:22.4531561Z, dependency_graph, succeeded, completed, compatibility_matrix Python38-PandasLatest | 56, comprehensive Python38 | 56, mysql | 56, test_cli | 0
23628, 20211221.22, 2021-12-21T13:52:12.518166Z, dependency_graph, succeeded, completed, compatibility_matrix Python38-PandasLatest | 0, comprehensive Python38 | 0, mysql | 0, test_cli | 0
23626, 20211221.21, 2021-12-21T13:52:05.4739204Z, dependency_graph, succeeded, completed, compatibility_matrix Python38-PandasLatest | 0, comprehensive Python38 | 0, mysql | 0, test_cli | 0
23624, 20211221.20, 2021-12-21T13:52:04.0073599Z, dependency_graph, succeeded, completed, compatibility_matrix Python38-PandasLatest | 0, comprehensive Python38 | 0, mysql | 0, test_cli | 0
23623, 20211221.19, 2021-12-21T13:52:02.361816Z, dependency_graph, succeeded, completed, compatibility_matrix Python38-PandasLatest | 0, comprehensive Python38 | 0, mysql | 0, test_cli | 0
23621, 20211221.18, 2021-12-21T13:52:00.1834336Z, dependency_graph, succeeded, completed, compatibility_matrix Python38-PandasLatest | 0, comprehensive Python38 | 0, mysql | 0, test_cli | 0
23617, 20211221.17, 2021-12-21T13:51:58.0217424Z, dependency_graph, succeeded, completed, compatibility_matrix Python38-PandasLatest | 0, comprehensive Python38 | 0, mysql | 0, test_cli | 0
23614, 20211221.16, 2021-12-21T13:51:56.6797801Z, dependency_graph, succeeded, completed, compatibility_matrix Python38-PandasLatest | 0, comprehensive Python38 | 0, mysql | 0, test_cli | 0
23613, 20211221.15, 2021-12-21T13:51:55.909735Z, dependency_graph, succeeded, completed, compatibility_matrix Python38-PandasLatest | 0, comprehensive Python38 | 0, mysql | 0, test_cli | 0
23604, 20211221.14, 2021-12-21T13:51:50.0835267Z, dependency_graph, succeeded, completed, compatibility_matrix Python38-PandasLatest | 0, comprehensive Python38 | 0, mysql | 0, test_cli | 0
23603, 20211221.13, 2021-12-21T13:51:50.0695656Z, dependency_graph, succeeded, completed, compatibility_matrix Python38-PandasLatest | 0, comprehensive Python38 | 0, mysql | 0, test_cli | 0
23588, 20211221.12, 2021-12-21T13:50:55.6048358Z, dependency_graph, succeeded, completed, compatibility_matrix Python38-PandasLatest | 0, comprehensive Python38 | 0, mysql | 0, test_cli | 0
23584, 20211221.11, 2021-12-21T13:13:58.4766408Z, dependency_graph, succeeded, completed, compatibility_matrix Python38-PandasLatest | 55, comprehensive Python38 | 55, mysql | 55, test_cli | 0
23579, 20211221.10, 2021-12-21T04:52:59.8269446Z, dependency_graph, succeeded, completed, compatibility_matrix Python38-PandasLatest | 0, comprehensive Python38 | 0, mysql | 0, test_cli | 0
23575, 20211221.9, 2021-12-21T02:57:53.6609287Z, dependency_graph, succeeded, completed, compatibility_matrix Python38-PandasLatest | 0, comprehensive Python38 | 0, mysql | 0, test_cli | 0
23571, 20211221.8, 2021-12-21T02:23:56.1387664Z, dependency_graph, succeeded, completed, compatibility_matrix Python38-PandasLatest | 55, comprehensive Python38 | 55, mysql | 55, test_cli | 0
23567, 20211221.7, 2021-12-21T02:11:44.7010463Z, dependency_graph, succeeded, completed, compatibility_matrix Python38-PandasLatest | 2542, comprehensive Python38 | 5781, mysql | 4775, test_cli | 444
23563, 20211221.6, 2021-12-21T02:11:30.5354557Z, dependency_graph, succeeded, completed, compatibility_matrix Python38-PandasLatest | 2542, comprehensive Python38 | 5781, mysql | 4775, test_cli | 444
23557, 20211221.4, 2021-12-21T02:01:33.2786786Z, dependency_graph, succeeded, completed, compatibility_matrix Python38-PandasLatest | 2542, comprehensive Python38 | 5781, mysql | 4775, test_cli | 444
23555, 20211221.3, 2021-12-21T01:41:40.3553214Z, dependency_graph, succeeded, completed, compatibility_matrix Python38-PandasLatest | 55, comprehensive Python38 | 55, mysql | 55, test_cli | 0
23551, 20211221.2, 2021-12-21T00:13:59.744554Z, dependency_graph, succeeded, completed, compatibility_matrix Python38-PandasLatest | 55, comprehensive Python38 | 55, mysql | 55, test_cli | 0
23543, 20211220.41, 2021-12-20T23:49:47.2789104Z, dependency_graph, succeeded, completed, compatibility_matrix Python38-PandasLatest | 0, comprehensive Python38 | 0, mysql | 0, test_cli | 0
23535, 20211220.39, 2021-12-20T22:53:57.4252632Z, dependency_graph, failed, completed, compatibility_matrix Python38-PandasLatest | 2574, comprehensive Python38 | 5808, mysql | 4805, test_cli | 0
23531, 20211220.38, 2021-12-20T22:25:26.6765455Z, dependency_graph, succeeded, completed, compatibility_matrix Python38-PandasLatest | 55, comprehensive Python38 | 55, mysql | 55, test_cli | 0
23527, 20211220.37, 2021-12-20T21:54:47.1314389Z, dependency_graph, succeeded, completed, compatibility_matrix Python38-PandasLatest | 2574, comprehensive Python38 | 5808, mysql | 4805, test_cli | 451
23523, 20211220.36, 2021-12-20T21:43:55.7228014Z, dependency_graph, succeeded, completed, compatibility_matrix Python38-PandasLatest | 55, comprehensive Python38 | 55, mysql | 55, test_cli | 0
23511, 20211220.33, 2021-12-20T21:17:59.994155Z, dependency_graph, succeeded, completed, compatibility_matrix Python38-PandasLatest | 55, comprehensive Python38 | 55, mysql | 55, test_cli | 0
23503, 20211220.31, 2021-12-20T20:12:26.2014486Z, dependency_graph, succeeded, completed, compatibility_matrix Python38-PandasLatest | 55, comprehensive Python38 | 55, mysql | 55, test_cli | 0
23500, 20211220.30, 2021-12-20T20:12:18.6982837Z, dependency_graph, succeeded, completed, compatibility_matrix Python38-PandasLatest | 55, comprehensive Python38 | 55, mysql | 55, test_cli | 0
23495, 20211220.29, 2021-12-20T19:53:20.3197823Z, dependency_graph, succeeded, completed, compatibility_matrix Python38-PandasLatest | 55, comprehensive Python38 | 55, mysql | 55, test_cli | 0
23491, 20211220.28, 2021-12-20T19:38:40.2535351Z, dependency_graph, succeeded, completed, compatibility_matrix Python38-PandasLatest | 55, comprehensive Python38 | 55, mysql | 55, test_cli | 0
23487, 20211220.27, 2021-12-20T19:21:30.4812819Z, dependency_graph, succeeded, completed, compatibility_matrix Python38-PandasLatest | 55, comprehensive Python38 | 55, mysql | 55, test_cli | 0
23483, 20211220.26, 2021-12-20T18:15:04.5631053Z, dependency_graph, succeeded, completed, compatibility_matrix Python38-PandasLatest | 55, comprehensive Python38 | 55, mysql | 55, test_cli | 0
23479, 20211220.25, 2021-12-20T17:58:59.4367404Z, dependency_graph, succeeded, completed, compatibility_matrix Python38-PandasLatest | 55, comprehensive Python38 | 55, mysql | 55, test_cli | 0
23463, 20211220.21, 2021-12-20T17:19:21.1652741Z, dependency_graph, succeeded, completed, compatibility_matrix Python38-PandasLatest | 2149, comprehensive Python38 | 5220, mysql | 4248, test_cli | 451
23456, 20211220.19, 2021-12-20T17:05:10.3002486Z, dependency_graph, failed, completed, compatibility_matrix Python38-PandasLatest | 0, comprehensive Python38 | 0, mysql | 0, test_cli | 0
23452, 20211220.18, 2021-12-20T16:44:59.2008673Z, dependency_graph, succeeded, completed, compatibility_matrix Python38-PandasLatest | 55, comprehensive Python38 | 55, mysql | 55, test_cli | 0
23448, 20211220.17, 2021-12-20T16:30:17.7030867Z, dependency_graph, succeeded, completed, compatibility_matrix Python38-PandasLatest | 55, comprehensive Python38 | 55, mysql | 55, test_cli | 0
23444, 20211220.16, 2021-12-20T16:13:48.7360164Z, dependency_graph, succeeded, completed, compatibility_matrix Python38-PandasLatest | 55, comprehensive Python38 | 55, mysql | 55, test_cli | 0
23440, 20211220.15, 2021-12-20T16:08:13.2641984Z, dependency_graph, failed, completed, compatibility_matrix Python38-PandasLatest | 0, comprehensive Python38 | 0, mysql | 0, test_cli | 0
23436, 20211220.14, 2021-12-20T15:49:02.2514063Z, dependency_graph, succeeded, completed, compatibility_matrix Python38-PandasLatest | 55, comprehensive Python38 | 55, mysql | 55, test_cli | 0
23432, 20211220.13, 2021-12-20T15:45:35.5354004Z, dependency_graph, succeeded, completed, compatibility_matrix Python38-PandasLatest | 0, comprehensive Python38 | 0, mysql | 0, test_cli | 0
23428, 20211220.12, 2021-12-20T15:30:05.1420201Z, dependency_graph, succeeded, completed, compatibility_matrix Python38-PandasLatest | 55, comprehensive Python38 | 55, mysql | 55, test_cli | 0
23424, 20211220.11, 2021-12-20T15:15:38.535903Z, dependency_graph, succeeded, completed, compatibility_matrix Python38-PandasLatest | 0, comprehensive Python38 | 0, mysql | 0, test_cli | 0
23420, 20211220.10, 2021-12-20T15:14:31.6746394Z, dependency_graph, succeeded, completed, compatibility_matrix Python38-PandasLatest | 0, comprehensive Python38 | 0, mysql | 0, test_cli | 0
23416, 20211220.9, 2021-12-20T15:05:53.8628517Z, dependency_graph, succeeded, completed, compatibility_matrix Python38-PandasLatest | 0, comprehensive Python38 | 0, mysql | 0, test_cli | 0
23412, 20211220.8, 2021-12-20T14:27:25.9747118Z, dependency_graph, succeeded, completed, compatibility_matrix Python38-PandasLatest | 54, comprehensive Python38 | 54, mysql | 54, test_cli | 0
23404, 20211220.6, 2021-12-20T13:59:19.124832Z, dependency_graph, succeeded, completed, compatibility_matrix Python38-PandasLatest | 54, comprehensive Python38 | 54, mysql | 54, test_cli | 0
23400, 20211220.5, 2021-12-20T07:42:54.8883605Z, dependency_graph, succeeded, completed, compatibility_matrix Python38-PandasLatest | 2149, comprehensive Python38 | 5220, mysql | 4248, test_cli | 451
23394, 20211220.3, 2021-12-20T06:52:06.9386177Z, dependency_graph, succeeded, completed, compatibility_matrix Python38-PandasLatest | 2573, comprehensive Python38 | 5807, mysql | 4804, test_cli | 451
23380, 20211218.7, 2021-12-18T19:01:50.4621125Z, dependency_graph, succeeded, completed, compatibility_matrix Python38-PandasLatest | 0, comprehensive Python38 | 0, mysql | 0, test_cli | 0
23378, 20211218.6, 2021-12-18T18:24:07.3579377Z, dependency_graph, succeeded, completed, compatibility_matrix Python38-PandasLatest | 0, comprehensive Python38 | 0, mysql | 0, test_cli | 0
23374, 20211218.5, 2021-12-18T16:49:47.0659942Z, dependency_graph, succeeded, completed, compatibility_matrix Python38-PandasLatest | 0, comprehensive Python38 | 0, mysql | 0, test_cli | 0
23366, 20211218.3, 2021-12-18T07:57:18.1358028Z, dependency_graph, succeeded, completed, compatibility_matrix Python38-PandasLatest | 2149, comprehensive Python38 | 5220, mysql | 4248, test_cli | 451
23363, 20211218.2, 2021-12-18T02:54:31.230926Z, dependency_graph, succeeded, completed, compatibility_matrix Python38-PandasLatest | 0, comprehensive Python38 | 0, mysql | 0, test_cli | 0
23359, 20211218.1, 2021-12-18T02:18:04.0765839Z, dependency_graph, succeeded, completed, compatibility_matrix Python38-PandasLatest | 2473, comprehensive Python38 | 5707, mysql | 4704, test_cli | 451
23355, 20211217.59, 2021-12-17T22:32:49.0713202Z, dependency_graph, succeeded, completed, compatibility_matrix Python38-PandasLatest | 0, comprehensive Python38 | 0, mysql | 0, test_cli | 0
23351, 20211217.58, 2021-12-17T22:26:10.1899703Z, dependency_graph, succeeded, completed, compatibility_matrix Python38-PandasLatest | 0, comprehensive Python38 | 0, mysql | 0, test_cli | 0
23347, 20211217.57, 2021-12-17T21:43:55.7141277Z, dependency_graph, succeeded, completed, compatibility_matrix Python38-PandasLatest | 2630, comprehensive Python38 | 5864, mysql | 4861, test_cli | 451
23343, 20211217.56, 2021-12-17T21:17:08.9092589Z, dependency_graph, failed, completed, compatibility_matrix Python38-PandasLatest | 0, comprehensive Python38 | 0, mysql | 0, test_cli | 0
23342, 20211217.55, 2021-12-17T21:17:08.2339909Z, dependency_graph, succeeded, completed, compatibility_matrix Python38-PandasLatest | 54, comprehensive Python38 | 54, mysql | 54, test_cli | 0
23336, 20211217.54, 2021-12-17T21:15:14.200909Z, dependency_graph, failed, completed, compatibility_matrix Python38-PandasLatest | 2630, comprehensive Python38 | 5864, mysql | 4861, test_cli | 451
23326, 20211217.51, 2021-12-17T20:54:58.4941366Z, dependency_graph, succeeded, completed, compatibility_matrix Python38-PandasLatest | 0, comprehensive Python38 | 0, mysql | 0, test_cli | 0
23314, 20211217.48, 2021-12-17T20:40:52.9541599Z, dependency_graph, succeeded, completed, compatibility_matrix Python38-PandasLatest | 2525, comprehensive Python38 | 5759, mysql | 4756, test_cli | 451
23306, 20211217.46, 2021-12-17T20:24:54.1158319Z, dependency_graph, succeeded, completed, compatibility_matrix Python38-PandasLatest | 54, comprehensive Python38 | 54, mysql | 54, test_cli | 0
23302, 20211217.45, 2021-12-17T20:18:49.7864935Z, dependency_graph, succeeded, completed, compatibility_matrix Python38-PandasLatest | 0, comprehensive Python38 | 0, mysql | 0, test_cli | 0
23298, 20211217.44, 2021-12-17T19:55:12.2407697Z, dependency_graph, succeeded, completed, compatibility_matrix Python38-PandasLatest | 54, comprehensive Python38 | 54, mysql | 54, test_cli | 0
23290, 20211217.42, 2021-12-17T19:42:23.6780279Z, dependency_graph, succeeded, completed, compatibility_matrix Python38-PandasLatest | 0, comprehensive Python38 | 0, mysql | 0, test_cli | 0
23282, 20211217.40, 2021-12-17T19:13:21.5470316Z, dependency_graph, failed, completed, compatibility_matrix Python38-PandasLatest | 2516, comprehensive Python38 | 5784, mysql | 4747, test_cli | 0
23278, 20211217.39, 2021-12-17T19:04:21.8396068Z, dependency_graph, failed, completed, compatibility_matrix Python38-PandasLatest | 2525, comprehensive Python38 | 5759, mysql | 4756, test_cli | 451
23274, 20211217.38, 2021-12-17T19:01:02.1350076Z, dependency_graph, failed, completed, compatibility_matrix Python38-PandasLatest | 2503, comprehensive Python38 | 5737, mysql | 4734, test_cli | 0
23270, 20211217.37, 2021-12-17T18:58:40.6874752Z, dependency_graph, succeeded, completed, compatibility_matrix Python38-PandasLatest | 54, comprehensive Python38 | 54, mysql | 54, test_cli | 0
23262, 20211217.35, 2021-12-17T18:52:55.365574Z, dependency_graph, succeeded, completed, compatibility_matrix Python38-PandasLatest | 2387, comprehensive Python38 | 5609, mysql | 4607, test_cli | 444
23258, 20211217.34, 2021-12-17T18:15:33.0963309Z, dependency_graph, succeeded, completed, compatibility_matrix Python38-PandasLatest | 55, comprehensive Python38 | 55, mysql | 55, test_cli | 0
23254, 20211217.33, 2021-12-17T17:56:02.9988376Z, dependency_graph, failed, completed, compatibility_matrix Python38-PandasLatest | 0, comprehensive Python38 | 0, mysql | 0, test_cli | 0
23250, 20211217.32, 2021-12-17T17:47:14.3580051Z, dependency_graph, failed, completed, compatibility_matrix Python38-PandasLatest | 2525, comprehensive Python38 | 5759, mysql | 4756, test_cli | 451
23246, 20211217.31, 2021-12-17T17:43:36.290579Z, dependency_graph, succeeded, completed, compatibility_matrix Python38-PandasLatest | 2142, comprehensive Python38 | 5213, mysql | 4241, test_cli | 451
23235, 20211217.28, 2021-12-17T16:50:46.9354083Z, dependency_graph, succeeded, completed, compatibility_matrix Python38-PandasLatest | 55, comprehensive Python38 | 55, mysql | 55, test_cli | 0
23231, 20211217.27, 2021-12-17T16:49:35.4613169Z, dependency_graph, succeeded, completed, compatibility_matrix Python38-PandasLatest | 0, comprehensive Python38 | 0, mysql | 0, test_cli | 0
23227, 20211217.26, 2021-12-17T16:37:25.2603575Z, dependency_graph, failed, completed, compatibility_matrix Python38-PandasLatest | 2525, comprehensive Python38 | 5759, mysql | 4756, test_cli | 0
23219, 20211217.24, 2021-12-17T16:29:52.9306823Z, dependency_graph, failed, completed, compatibility_matrix Python38-PandasLatest | 0, comprehensive Python38 | 0, mysql | 0, test_cli | 0
23211, 20211217.22, 2021-12-17T16:23:22.1466696Z, dependency_graph, succeeded, completed, compatibility_matrix Python38-PandasLatest | 0, comprehensive Python38 | 0, mysql | 0, test_cli | 0
23204, 20211217.20, 2021-12-17T16:07:18.8180165Z, dependency_graph, failed, completed, compatibility_matrix Python38-PandasLatest | 2503, comprehensive Python38 | 5737, mysql | 4734, test_cli | 0
23200, 20211217.19, 2021-12-17T16:06:59.6740426Z, dependency_graph, succeeded, completed, compatibility_matrix Python38-PandasLatest | 2387, comprehensive Python38 | 5609, mysql | 4607, test_cli | 444
23197, 20211217.18, 2021-12-17T16:06:48.4996076Z, dependency_graph, succeeded, completed, compatibility_matrix Python38-PandasLatest | 2466, comprehensive Python38 | 5700, mysql | 4697, test_cli | 451
23192, 20211217.17, 2021-12-17T16:05:19.2732102Z, dependency_graph, succeeded, completed, compatibility_matrix Python38-PandasLatest | 0, comprehensive Python38 | 0, mysql | 0, test_cli | 0
23180, 20211217.14, 2021-12-17T15:32:35.5802509Z, dependency_graph, failed, completed, compatibility_matrix Python38-PandasLatest | 2517, comprehensive Python38 | 5751, mysql | 4748, test_cli | 0
23176, 20211217.13, 2021-12-17T15:32:10.3999991Z, dependency_graph, failed, completed, compatibility_matrix Python38-PandasLatest | 0, comprehensive Python38 | 0, mysql | 0, test_cli | 0
23173, 20211217.12, 2021-12-17T15:32:02.8628572Z, dependency_graph, failed, completed, compatibility_matrix Python38-PandasLatest | 2517, comprehensive Python38 | 5751, mysql | 4748, test_cli | 0
23171, 20211217.11, 2021-12-17T14:50:47.0753157Z, dependency_graph, succeeded, completed, compatibility_matrix Python38-PandasLatest | 2466, comprehensive Python38 | 5700, mysql | 4697, test_cli | 451
23167, 20211217.10, 2021-12-17T13:46:23.5883081Z, dependency_graph, succeeded, completed, compatibility_matrix Python38-PandasLatest | 2617, comprehensive Python38 | 5851, mysql | 4848, test_cli | 444
23162, 20211217.9, 2021-12-17T05:20:37.2767186Z, dependency_graph, succeeded, completed, compatibility_matrix Python38-PandasLatest | 2565, comprehensive Python38 | 5799, mysql | 4796, test_cli | 451
23158, 20211217.8, 2021-12-17T04:12:39.3135745Z, dependency_graph, succeeded, completed, compatibility_matrix Python38-PandasLatest | 2518, comprehensive Python38 | 5752, mysql | 4749, test_cli | 451
23156, 20211217.7, 2021-12-17T02:47:14.0432086Z, dependency_graph, failed, completed, compatibility_matrix Python38-PandasLatest | 2517, comprehensive Python38 | 5751, mysql | 4748, test_cli | 0
23153, 20211217.6, 2021-12-17T02:44:31.7329172Z, dependency_graph, failed, completed, compatibility_matrix Python38-PandasLatest | 2518, comprehensive Python38 | 5752, mysql | 4749, test_cli | 0
23151, 20211217.5, 2021-12-17T02:25:40.2648273Z, dependency_graph, failed, completed, compatibility_matrix Python38-PandasLatest | 2331, comprehensive Python38 | 5541, mysql | 4543, test_cli | 0
23147, 20211217.4, 2021-12-17T02:21:51.159281Z, dependency_graph, succeeded, completed, compatibility_matrix Python38-PandasLatest | 55, comprehensive Python38 | 55, mysql | 55, test_cli | 0
23143, 20211217.3, 2021-12-17T02:20:39.931952Z, dependency_graph, failed, completed, compatibility_matrix Python38-PandasLatest | 2518, comprehensive Python38 | 5752, mysql | 4749, test_cli | 0
23141, 20211217.2, 2021-12-17T02:16:16.4096686Z, dependency_graph, failed, completed, compatibility_matrix Python38-PandasLatest | 0, comprehensive Python38 | 0, mysql | 0, test_cli | 0
23137, 20211217.1, 2021-12-17T00:24:38.2115646Z, dependency_graph, succeeded, completed, compatibility_matrix Python38-PandasLatest | 2142, comprehensive Python38 | 5213, mysql | 4241, test_cli | 451
23134, 20211216.50, 2021-12-16T23:30:13.5274842Z, dependency_graph, succeeded, completed, compatibility_matrix Python38-PandasLatest | 0, comprehensive Python38 | 0, mysql | 0, test_cli | 0
23130, 20211216.49, 2021-12-16T22:54:52.0649096Z, dependency_graph, succeeded, completed, compatibility_matrix Python38-PandasLatest | 953, comprehensive Python38 | 1119, mysql | 1084, test_cli | 444
23126, 20211216.48, 2021-12-16T22:41:58.4771988Z, dependency_graph, succeeded, completed, compatibility_matrix Python38-PandasLatest | 0, comprehensive Python38 | 0, mysql | 0, test_cli | 0
23118, 20211216.46, 2021-12-16T22:22:06.8415603Z, dependency_graph, failed, completed, compatibility_matrix Python38-PandasLatest | 2515, comprehensive Python38 | 5749, mysql | 4746, test_cli | 0
23114, 20211216.45, 2021-12-16T22:15:58.9072401Z, dependency_graph, succeeded, completed, compatibility_matrix Python38-PandasLatest | 2465, comprehensive Python38 | 5699, mysql | 4696, test_cli | 451
23110, 20211216.44, 2021-12-16T21:47:46.3140466Z, dependency_graph, failed, completed, compatibility_matrix Python38-PandasLatest | 2502, comprehensive Python38 | 5736, mysql | 4733, test_cli | 0
23090, 20211216.39, 2021-12-16T20:59:06.9605654Z, dependency_graph, failed, completed, compatibility_matrix Python38-PandasLatest | 2515, comprehensive Python38 | 5749, mysql | 4746, test_cli | 0
23082, 20211216.37, 2021-12-16T20:45:53.0048197Z, dependency_graph, succeeded, completed, compatibility_matrix Python38-PandasLatest | 2480, comprehensive Python38 | 5714, mysql | 4711, test_cli | 444
23079, 20211216.36, 2021-12-16T20:35:39.5317222Z, dependency_graph, succeeded, completed, compatibility_matrix Python38-PandasLatest | 953, comprehensive Python38 | 1119, mysql | 1084, test_cli | 444
23071, 20211216.34, 2021-12-16T19:33:34.1842441Z, dependency_graph, succeeded, completed, compatibility_matrix Python38-PandasLatest | 0, comprehensive Python38 | 0, mysql | 0, test_cli | 0
23067, 20211216.33, 2021-12-16T18:58:11.20045Z, dependency_graph, succeeded, completed, compatibility_matrix Python38-PandasLatest | 2480, comprehensive Python38 | 5714, mysql | 4711, test_cli | 444
23064, 20211216.32, 2021-12-16T18:55:37.3407603Z, dependency_graph, succeeded, completed, compatibility_matrix Python38-PandasLatest | 2411, comprehensive Python38 | 5633, mysql | 4631, test_cli | 444
23060, 20211216.31, 2021-12-16T18:30:12.4587212Z, dependency_graph, succeeded, completed, compatibility_matrix Python38-PandasLatest | 2564, comprehensive Python38 | 5798, mysql | 4795, test_cli | 451
23052, 20211216.29, 2021-12-16T17:48:18.0160245Z, dependency_graph, failed, completed, compatibility_matrix Python38-PandasLatest | 2465, comprehensive Python38 | 5699, mysql | 4696, test_cli | 0
23036, 20211216.25, 2021-12-16T17:16:58.9848281Z, dependency_graph, succeeded, completed, compatibility_matrix Python38-PandasLatest | 0, comprehensive Python38 | 0, mysql | 0, test_cli | 0
23032, 20211216.24, 2021-12-16T17:05:54.3651819Z, dependency_graph, succeeded, completed, compatibility_matrix Python38-PandasLatest | 2515, comprehensive Python38 | 5749, mysql | 4746, test_cli | 451
23028, 20211216.23, 2021-12-16T17:00:04.7178734Z, dependency_graph, succeeded, completed, compatibility_matrix Python38-PandasLatest | 2465, comprehensive Python38 | 5699, mysql | 4696, test_cli | 451
23024, 20211216.22, 2021-12-16T16:27:57.5731955Z, dependency_graph, succeeded, completed, compatibility_matrix Python38-PandasLatest | 2502, comprehensive Python38 | 5736, mysql | 4733, test_cli | 451
23020, 20211216.21, 2021-12-16T16:23:56.9362003Z, dependency_graph, succeeded, completed, compatibility_matrix Python38-PandasLatest | 8, comprehensive Python38 | 8, mysql | 8, test_cli | 279
23016, 20211216.20, 2021-12-16T16:23:18.9279324Z, dependency_graph, succeeded, completed, compatibility_matrix Python38-PandasLatest | 2465, comprehensive Python38 | 5699, mysql | 4696, test_cli | 451
23012, 20211216.19, 2021-12-16T15:19:25.9830027Z, dependency_graph, succeeded, completed, compatibility_matrix Python38-PandasLatest | 54, comprehensive Python38 | 54, mysql | 54, test_cli | 0
23008, 20211216.18, 2021-12-16T15:11:30.1790832Z, dependency_graph, succeeded, completed, compatibility_matrix Python38-PandasLatest | 2465, comprehensive Python38 | 5699, mysql | 4696, test_cli | 451
23005, 20211216.17, 2021-12-16T15:11:21.6086786Z, dependency_graph, succeeded, completed, compatibility_matrix Python38-PandasLatest | 2515, comprehensive Python38 | 5749, mysql | 4746, test_cli | 451
23000, 20211216.16, 2021-12-16T14:49:00.1964479Z, dependency_graph, succeeded, completed, compatibility_matrix Python38-PandasLatest | 2465, comprehensive Python38 | 5699, mysql | 4696, test_cli | 451
22996, 20211216.15, 2021-12-16T14:40:28.769303Z, dependency_graph, failed, completed, compatibility_matrix Python38-PandasLatest | 2515, comprehensive Python38 | 5749, mysql | 4746, test_cli | 0
22992, 20211216.14, 2021-12-16T14:28:41.0260091Z, dependency_graph, succeeded, completed, compatibility_matrix Python38-PandasLatest | 2387, comprehensive Python38 | 5609, mysql | 4607, test_cli | 444
22988, 20211216.13, 2021-12-16T14:22:05.3419995Z, dependency_graph, succeeded, completed, compatibility_matrix Python38-PandasLatest | 2212, comprehensive Python38 | 5405, mysql | 4411, test_cli | 444
22984, 20211216.12, 2021-12-16T14:18:57.7125019Z, dependency_graph, failed, completed, compatibility_matrix Python38-PandasLatest | 0, comprehensive Python38 | 0, mysql | 0, test_cli | 0
22980, 20211216.11, 2021-12-16T14:06:39.8225483Z, dependency_graph, succeeded, completed, compatibility_matrix Python38-PandasLatest | 2616, comprehensive Python38 | 5850, mysql | 4847, test_cli | 444
22976, 20211216.10, 2021-12-16T14:01:34.6886729Z, dependency_graph, failed, completed, compatibility_matrix Python38-PandasLatest | 2387, comprehensive Python38 | 5609, mysql | 4607, test_cli | 0
22972, 20211216.9, 2021-12-16T13:27:17.7192696Z, dependency_graph, succeeded, completed, compatibility_matrix Python38-PandasLatest | 2411, comprehensive Python38 | 5633, mysql | 4631, test_cli | 444
22968, 20211216.8, 2021-12-16T09:36:30.4228584Z, dependency_graph, succeeded, completed, compatibility_matrix Python38-PandasLatest | 0, comprehensive Python38 | 0, mysql | 0, test_cli | 0
22964, 20211216.7, 2021-12-16T02:36:09.8566506Z, dependency_graph, succeeded, completed, compatibility_matrix Python38-PandasLatest | 0, comprehensive Python38 | 0, mysql | 0, test_cli | 0
22960, 20211216.6, 2021-12-16T01:53:57.8134402Z, dependency_graph, succeeded, completed, compatibility_matrix Python38-PandasLatest | 0, comprehensive Python38 | 0, mysql | 0, test_cli | 0
22956, 20211216.5, 2021-12-16T01:33:03.0010439Z, dependency_graph, succeeded, completed, compatibility_matrix Python38-PandasLatest | 0, comprehensive Python38 | 0, mysql | 0, test_cli | 0
22952, 20211216.4, 2021-12-16T01:25:21.5357Z, dependency_graph, succeeded, completed, compatibility_matrix Python38-PandasLatest | 0, comprehensive Python38 | 0, mysql | 0, test_cli | 0
22944, 20211216.2, 2021-12-16T00:51:20.2395922Z, dependency_graph, succeeded, completed, compatibility_matrix Python38-PandasLatest | 2469, comprehensive Python38 | 5703, mysql | 4700, test_cli | 451
22936, 20211215.26, 2021-12-15T23:04:37.315018Z, dependency_graph, failed, completed, compatibility_matrix Python38-PandasLatest | 2411, comprehensive Python38 | 5633, mysql | 4631, test_cli | 0
22924, 20211215.23, 2021-12-15T22:19:44.2633629Z, dependency_graph, succeeded, completed, compatibility_matrix Python38-PandasLatest | 0, comprehensive Python38 | 0, mysql | 0, test_cli | 0
22920, 20211215.22, 2021-12-15T22:05:13.8239474Z, dependency_graph, succeeded, completed, compatibility_matrix Python38-PandasLatest | 2403, comprehensive Python38 | 5625, mysql | 4623, test_cli | 451
22912, 20211215.20, 2021-12-15T21:42:00.9653496Z, dependency_graph, succeeded, completed, compatibility_matrix Python38-PandasLatest | 2332, comprehensive Python38 | 5542, mysql | 4544, test_cli | 451
22908, 20211215.19, 2021-12-15T21:05:18.5111745Z, dependency_graph, succeeded, completed, compatibility_matrix Python38-PandasLatest | 8, comprehensive Python38 | 8, mysql | 8, test_cli | 279
22900, 20211215.17, 2021-12-15T20:43:40.4038251Z, dependency_graph, succeeded, completed, compatibility_matrix Python38-PandasLatest | 8, comprehensive Python38 | 8, mysql | 8, test_cli | 279
22896, 20211215.16, 2021-12-15T19:29:58.8588511Z, dependency_graph, succeeded, completed, compatibility_matrix Python38-PandasLatest | 0, comprehensive Python38 | 0, mysql | 0, test_cli | 0
22892, 20211215.15, 2021-12-15T19:24:32.3558984Z, dependency_graph, failed, completed, compatibility_matrix Python38-PandasLatest | 2332, comprehensive Python38 | 5542, mysql | 4544, test_cli | 0
22888, 20211215.14, 2021-12-15T18:48:46.3336092Z, dependency_graph, succeeded, completed, compatibility_matrix Python38-PandasLatest | 2457, comprehensive Python38 | 5691, mysql | 4688, test_cli | 451
22884, 20211215.13, 2021-12-15T18:09:59.5074442Z, dependency_graph, succeeded, completed, compatibility_matrix Python38-PandasLatest | 0, comprehensive Python38 | 0, mysql | 0, test_cli | 0
22880, 20211215.12, 2021-12-15T17:56:39.1881865Z, dependency_graph, succeeded, completed, compatibility_matrix Python38-PandasLatest | 54, comprehensive Python38 | 54, mysql | 54, test_cli | 0
22872, 20211215.10, 2021-12-15T17:31:08.412184Z, dependency_graph, succeeded, completed, compatibility_matrix Python38-PandasLatest | 54, comprehensive Python38 | 54, mysql | 54, test_cli | 0
22868, 20211215.9, 2021-12-15T17:30:55.2534057Z, dependency_graph, succeeded, completed, compatibility_matrix Python38-PandasLatest | 2324, comprehensive Python38 | 5534, mysql | 4536, test_cli | 451
22860, 20211215.7, 2021-12-15T17:02:12.4660074Z, dependency_graph, succeeded, completed, compatibility_matrix Python38-PandasLatest | 54, comprehensive Python38 | 54, mysql | 54, test_cli | 0
22856, 20211215.6, 2021-12-15T16:44:47.2218442Z, dependency_graph, succeeded, completed, compatibility_matrix Python38-PandasLatest | 54, comprehensive Python38 | 54, mysql | 54, test_cli | 0
22848, 20211215.4, 2021-12-15T16:28:02.833552Z, dependency_graph, succeeded, completed, compatibility_matrix Python38-PandasLatest | 2457, comprehensive Python38 | 5691, mysql | 4688, test_cli | 451
22840, 20211215.2, 2021-12-15T16:05:10.5929663Z, dependency_graph, succeeded, completed, compatibility_matrix Python38-PandasLatest | 949, comprehensive Python38 | 1115, mysql | 1080, test_cli | 444
22836, 20211215.1, 2021-12-15T15:06:14.505291Z, dependency_graph, succeeded, completed, compatibility_matrix Python38-PandasLatest | 8, comprehensive Python38 | 8, mysql | 8, test_cli | 279
22772, 20211213.21, 2021-12-13T19:54:15.3525577Z, dependency_graph, succeeded, completed, compatibility_matrix Python38-PandasLatest | 0, comprehensive Python38 | 0, mysql | 0, test_cli | 0
22764, 20211213.19, 2021-12-13T19:10:48.3151962Z, dependency_graph, succeeded, completed, compatibility_matrix Python38-PandasLatest | 0, comprehensive Python38 | 0, mysql | 0, test_cli | 0
22737, 20211213.12, 2021-12-13T15:26:00.5967407Z, dependency_graph, succeeded, completed, compatibility_matrix Python38-PandasLatest | 0, comprehensive Python38 | 0, mysql | 0, test_cli | 0
22729, 20211213.10, 2021-12-13T14:52:52.3156411Z, dependency_graph, succeeded, completed, compatibility_matrix Python38-PandasLatest | 0, comprehensive Python38 | 0, mysql | 0, test_cli | 0
23884, 20211226.6, 2021-12-26T10:27:56.2608999Z, dependency_graph, failed, completed, compatibility_matrix Python38-PandasLatest | 2190, comprehensive Python38 | 5291, mysql | 4310, test_cli | 451
23880, 20211226.5, 2021-12-26T09:21:44.7185677Z, dependency_graph, failed, completed, compatibility_matrix Python38-PandasLatest | 2190, comprehensive Python38 | 5291, mysql | 4310, test_cli | 0
23876, 20211226.4, 2021-12-26T07:14:42.5190273Z, dependency_graph, failed, completed, compatibility_matrix Python38-PandasLatest | 2189, comprehensive Python38 | 5290, mysql | 4309, test_cli | 0
23871, 20211226.3, 2021-12-26T05:38:47.0166369Z, dependency_graph, failed, completed, compatibility_matrix Python38-PandasLatest | 2541, comprehensive Python38 | 5780, mysql | 4774, test_cli | 444
23865, 20211226.1, 2021-12-26T05:24:44.9176356Z, dependency_graph, failed, completed, compatibility_matrix Python38-PandasLatest | 0, comprehensive Python38 | 0, mysql | 0, test_cli | 0
23862, 20211225.1, 2021-12-25T22:36:20.143211Z, dependency_graph, succeeded, completed, compatibility_matrix Python38-PandasLatest | 1265, comprehensive Python38 | 4318, mysql | 3348, test_cli | 0
23900, 20211227.4, 2021-12-27T21:08:33.9153193Z, dependency_graph, succeeded, completed, compatibility_matrix Python38-PandasLatest | 0, comprehensive Python38 | 0, mysql | 0, test_cli | 0
23896, 20211227.3, 2021-12-27T18:57:05.4276182Z, dependency_graph, failed, completed, compatibility_matrix Python38-PandasLatest | 110, comprehensive Python38 | 110, mysql | 110, test_cli | 0
23892, 20211227.2, 2021-12-27T18:48:27.0364144Z, dependency_graph, failed, completed, compatibility_matrix Python38-PandasLatest | 0, comprehensive Python38 | 0, mysql | 0, test_cli | 0
23888, 20211227.1, 2021-12-27T18:44:15.7643786Z, dependency_graph, failed, completed, compatibility_matrix Python38-PandasLatest | 0, comprehensive Python38 | 0, mysql | 0, test_cli | 0
23983, 20211228.1, 2021-12-28T00:29:16.4846291Z, dependency_graph, succeeded, completed, compatibility_matrix Python38-PandasLatest | 2190, comprehensive Python38 | 5291, mysql | 4310, test_cli | 451
23979, 20211227.24, 2021-12-27T23:52:30.2217429Z, dependency_graph, succeeded, completed, compatibility_matrix Python38-PandasLatest | 1265, comprehensive Python38 | 4318, mysql | 3348, test_cli | 0
23975, 20211227.23, 2021-12-27T23:49:29.3062443Z, dependency_graph, failed, completed, compatibility_matrix Python38-PandasLatest | 1398, comprehensive Python38 | 4451, mysql | 3481, test_cli | 0
23972, 20211227.22, 2021-12-27T23:48:38.6458797Z, dependency_graph, succeeded, completed, compatibility_matrix Python38-PandasLatest | 0, comprehensive Python38 | 0, mysql | 0, test_cli | 0
23971, 20211227.21, 2021-12-27T23:48:36.9091684Z, dependency_graph, succeeded, completed, compatibility_matrix Python38-PandasLatest | 0, comprehensive Python38 | 0, mysql | 0, test_cli | 0
23969, 20211227.20, 2021-12-27T23:48:35.5647981Z, dependency_graph, succeeded, completed, compatibility_matrix Python38-PandasLatest | 0, comprehensive Python38 | 0, mysql | 0, test_cli | 0
23968, 20211227.19, 2021-12-27T23:48:35.0096079Z, dependency_graph, succeeded, completed, compatibility_matrix Python38-PandasLatest | 0, comprehensive Python38 | 0, mysql | 0, test_cli | 0
23967, 20211227.18, 2021-12-27T23:48:34.791775Z, dependency_graph, succeeded, completed, compatibility_matrix Python38-PandasLatest | 0, comprehensive Python38 | 0, mysql | 0, test_cli | 0
23966, 20211227.17, 2021-12-27T23:48:34.5379148Z, dependency_graph, succeeded, completed, compatibility_matrix Python38-PandasLatest | 0, comprehensive Python38 | 0, mysql | 0, test_cli | 0
23965, 20211227.16, 2021-12-27T23:48:34.4770439Z, dependency_graph, succeeded, completed, compatibility_matrix Python38-PandasLatest | 0, comprehensive Python38 | 0, mysql | 0, test_cli | 0
23964, 20211227.15, 2021-12-27T23:48:34.4618205Z, dependency_graph, succeeded, completed, compatibility_matrix Python38-PandasLatest | 0, comprehensive Python38 | 0, mysql | 0, test_cli | 0
23954, 20211227.14, 2021-12-27T23:48:29.7435559Z, dependency_graph, succeeded, completed, compatibility_matrix Python38-PandasLatest | 0, comprehensive Python38 | 0, mysql | 0, test_cli | 0
23946, 20211227.13, 2021-12-27T23:48:27.9019763Z, dependency_graph, succeeded, completed, compatibility_matrix Python38-PandasLatest | 0, comprehensive Python38 | 0, mysql | 0, test_cli | 0
23932, 20211227.12, 2021-12-27T23:47:26.4545655Z, dependency_graph, succeeded, completed, compatibility_matrix Python38-PandasLatest | 0, comprehensive Python38 | 0, mysql | 0, test_cli | 0
23928, 20211227.11, 2021-12-27T23:45:29.8097935Z, dependency_graph, succeeded, completed, compatibility_matrix Python38-PandasLatest | 0, comprehensive Python38 | 0, mysql | 0, test_cli | 0
23924, 20211227.10, 2021-12-27T23:41:00.0834601Z, dependency_graph, succeeded, completed, compatibility_matrix Python38-PandasLatest | 0, comprehensive Python38 | 0, mysql | 0, test_cli | 0
23920, 20211227.9, 2021-12-27T23:32:47.0678048Z, dependency_graph, succeeded, completed, compatibility_matrix Python38-PandasLatest | 0, comprehensive Python38 | 0, mysql | 0, test_cli | 0
23916, 20211227.8, 2021-12-27T23:29:07.7378619Z, dependency_graph, succeeded, completed, compatibility_matrix Python38-PandasLatest | 0, comprehensive Python38 | 0, mysql | 0, test_cli | 0
23912, 20211227.7, 2021-12-27T23:03:44.7508282Z, dependency_graph, succeeded, completed, compatibility_matrix Python38-PandasLatest | 0, comprehensive Python38 | 0, mysql | 0, test_cli | 0
23908, 20211227.6, 2021-12-27T23:01:58.0673423Z, dependency_graph, succeeded, completed, compatibility_matrix Python38-PandasLatest | 0, comprehensive Python38 | 0, mysql | 0, test_cli | 0
23904, 20211227.5, 2021-12-27T22:53:21.8779384Z, dependency_graph, succeeded, completed, compatibility_matrix Python38-PandasLatest | 0, comprehensive Python38 | 0, mysql | 0, test_cli | 0
24032, 20211228.14, 2021-12-28T05:19:01.5734132Z, dependency_graph, succeeded, completed, compatibility_matrix Python38-PandasLatest | 59, comprehensive Python38 | 59, mysql | 59, test_cli | 0
24028, 20211228.13, 2021-12-28T04:52:00.4421613Z, dependency_graph, succeeded, completed, compatibility_matrix Python38-PandasLatest | 59, comprehensive Python38 | 59, mysql | 59, test_cli | 0
24024, 20211228.12, 2021-12-28T04:36:13.3877737Z, dependency_graph, failed, completed, compatibility_matrix Python38-PandasLatest | 174, comprehensive Python38 | 174, mysql | 174, test_cli | 0
24021, 20211228.11, 2021-12-28T04:35:42.0986357Z, dependency_graph, succeeded, completed, compatibility_matrix Python38-PandasLatest | 2190, comprehensive Python38 | 5291, mysql | 4310, test_cli | 451
24013, 20211228.9, 2021-12-28T04:21:12.3621256Z, dependency_graph, failed, completed, compatibility_matrix Python38-PandasLatest | 174, comprehensive Python38 | 174, mysql | 174, test_cli | 0
24002, 20211228.6, 2021-12-28T04:11:39.3589294Z, dependency_graph, failed, completed, compatibility_matrix Python38-PandasLatest | 174, comprehensive Python38 | 174, mysql | 174, test_cli | 0
23999, 20211228.5, 2021-12-28T04:09:22.2876345Z, dependency_graph, succeeded, completed, compatibility_matrix Python38-PandasLatest | 0, comprehensive Python38 | 0, mysql | 0, test_cli | 0
23995, 20211228.4, 2021-12-28T03:27:48.082403Z, dependency_graph, succeeded, completed, compatibility_matrix Python38-PandasLatest | 2190, comprehensive Python38 | 5291, mysql | 4310, test_cli | 451
23991, 20211228.3, 2021-12-28T02:35:38.7913441Z, dependency_graph, failed, completed, compatibility_matrix Python38-PandasLatest | 2190, comprehensive Python38 | 5291, mysql | 4310, test_cli | 0
24037, 20211228.15, 2021-12-28T13:31:25.8480395Z, dependency_graph, succeeded, completed, compatibility_matrix Python38-PandasLatest | 0, comprehensive Python38 | 0, mysql | 0, test_cli | 0
24044, 20211228.17, 2021-12-28T14:33:00.9383624Z, dependency_graph, failed, completed, compatibility_matrix Python38-PandasLatest | 0, comprehensive Python38 | 0, mysql | 0, test_cli | 0
24040, 20211228.16, 2021-12-28T14:25:22.5052223Z, dependency_graph, failed, completed, compatibility_matrix Python38-PandasLatest | 174, comprehensive Python38 | 174, mysql | 174, test_cli | 0
24063, 20211228.22, 2021-12-28T16:16:30.8329323Z, dependency_graph, succeeded, completed, compatibility_matrix Python38-PandasLatest | 0, comprehensive Python38 | 0, mysql | 0, test_cli | 0
24055, 20211228.20, 2021-12-28T15:55:28.2869397Z, dependency_graph, succeeded, completed, compatibility_matrix Python38-PandasLatest | 0, comprehensive Python38 | 0, mysql | 0, test_cli | 0
24052, 20211228.19, 2021-12-28T15:52:56.5943407Z, dependency_graph, succeeded, completed, compatibility_matrix Python38-PandasLatest | 2287, comprehensive Python38 | 5494, mysql | 4494, test_cli | 444
24093, 20211228.32, 2021-12-28T18:42:14.4967584Z, dependency_graph, succeeded, completed, compatibility_matrix Python38-PandasLatest | 0, comprehensive Python38 | 0, mysql | 0, test_cli | 0
24090, 20211228.31, 2021-12-28T18:32:36.8775148Z, dependency_graph, succeeded, completed, compatibility_matrix Python38-PandasLatest | 2258, comprehensive Python38 | 5359, mysql | 4378, test_cli | 451
24081, 20211228.28, 2021-12-28T18:18:40.702062Z, dependency_graph, failed, completed, compatibility_matrix Python38-PandasLatest | 0, comprehensive Python38 | 0, mysql | 0, test_cli | 0
24069, 20211228.24, 2021-12-28T17:57:54.5120594Z, dependency_graph, succeeded, completed, compatibility_matrix Python38-PandasLatest | 0, comprehensive Python38 | 0, mysql | 0, test_cli | 0
24066, 20211228.23, 2021-12-28T17:32:26.5743308Z, dependency_graph, succeeded, completed, compatibility_matrix Python38-PandasLatest | 0, comprehensive Python38 | 0, mysql | 0, test_cli | 0
24059, 20211228.21, 2021-12-28T16:04:48.7764506Z, dependency_graph, succeeded, completed, compatibility_matrix Python38-PandasLatest | 8, comprehensive Python38 | 8, mysql | 8, test_cli | 279
24049, 20211228.18, 2021-12-28T15:52:46.7785012Z, dependency_graph, succeeded, completed, compatibility_matrix Python38-PandasLatest | 2287, comprehensive Python38 | 5494, mysql | 4494, test_cli | 451
24102, 20211228.35, 2021-12-28T19:58:16.7010563Z, dependency_graph, succeeded, completed, compatibility_matrix Python38-PandasLatest | 0, comprehensive Python38 | 0, mysql | 0, test_cli | 0
24099, 20211228.34, 2021-12-28T19:58:08.956015Z, dependency_graph, succeeded, completed, compatibility_matrix Python38-PandasLatest | 0, comprehensive Python38 | 0, mysql | 0, test_cli | 0
24198, 20211229.1, 2021-12-29T03:00:57.9512938Z, dependency_graph, failed, completed, compatibility_matrix Python38-PandasLatest | 0, comprehensive Python38 | 0, mysql | 0, test_cli | 0
24194, 20211228.59, 2021-12-28T23:50:58.8109051Z, dependency_graph, succeeded, completed, compatibility_matrix Python38-PandasLatest | 0, comprehensive Python38 | 0, mysql | 0, test_cli | 0
24191, 20211228.58, 2021-12-28T22:55:40.1781266Z, dependency_graph, succeeded, completed, compatibility_matrix Python38-PandasLatest | 2514, comprehensive Python38 | 5753, mysql | 4747, test_cli | 451
24187, 20211228.57, 2021-12-28T22:53:00.330377Z, dependency_graph, succeeded, completed, compatibility_matrix Python38-PandasLatest | 0, comprehensive Python38 | 0, mysql | 0, test_cli | 0
24184, 20211228.56, 2021-12-28T22:50:14.484009Z, dependency_graph, succeeded, completed, compatibility_matrix Python38-PandasLatest | 0, comprehensive Python38 | 0, mysql | 0, test_cli | 0
24176, 20211228.54, 2021-12-28T22:14:02.5437788Z, dependency_graph, failed, completed, compatibility_matrix Python38-PandasLatest | 0, comprehensive Python38 | 0, mysql | 0, test_cli | 0
24172, 20211228.53, 2021-12-28T22:13:20.8723607Z, dependency_graph, succeeded, completed, compatibility_matrix Python38-PandasLatest | 0, comprehensive Python38 | 0, mysql | 0, test_cli | 0
24168, 20211228.52, 2021-12-28T22:10:31.7368226Z, dependency_graph, succeeded, completed, compatibility_matrix Python38-PandasLatest | 0, comprehensive Python38 | 0, mysql | 0, test_cli | 0
24164, 20211228.51, 2021-12-28T22:04:39.4677748Z, dependency_graph, succeeded, completed, compatibility_matrix Python38-PandasLatest | 0, comprehensive Python38 | 0, mysql | 0, test_cli | 0
24156, 20211228.49, 2021-12-28T21:45:08.5960233Z, dependency_graph, failed, completed, compatibility_matrix Python38-PandasLatest | 0, comprehensive Python38 | 0, mysql | 0, test_cli | 0
24153, 20211228.48, 2021-12-28T21:13:06.6237896Z, dependency_graph, succeeded, completed, compatibility_matrix Python38-PandasLatest | 1359, comprehensive Python38 | 1616, mysql | 1568, test_cli | 446
24149, 20211228.47, 2021-12-28T21:08:26.9016784Z, dependency_graph, succeeded, completed, compatibility_matrix Python38-PandasLatest | 59, comprehensive Python38 | 59, mysql | 59, test_cli | 0
24202, 20211229.2, 2021-12-29T03:44:45.0045427Z, dependency_graph, succeeded, completed, compatibility_matrix Python38-PandasLatest | 0, comprehensive Python38 | 0, mysql | 0, test_cli | 0
24145, 20211228.46, 2021-12-28T20:58:53.5017815Z, dependency_graph, succeeded, completed, compatibility_matrix Python38-PandasLatest | 0, comprehensive Python38 | 0, mysql | 0, test_cli | 0
24138, 20211228.44, 2021-12-28T20:55:33.6214623Z, dependency_graph, succeeded, completed, compatibility_matrix Python38-PandasLatest | 0, comprehensive Python38 | 0, mysql | 0, test_cli | 0
24130, 20211228.42, 2021-12-28T20:53:32.3601096Z, dependency_graph, succeeded, completed, compatibility_matrix Python38-PandasLatest | 0, comprehensive Python38 | 0, mysql | 0, test_cli | 0
24126, 20211228.41, 2021-12-28T20:50:31.3699688Z, dependency_graph, succeeded, completed, compatibility_matrix Python38-PandasLatest | 0, comprehensive Python38 | 0, mysql | 0, test_cli | 0
24122, 20211228.40, 2021-12-28T20:41:08.1507798Z, dependency_graph, succeeded, completed, compatibility_matrix Python38-PandasLatest | 0, comprehensive Python38 | 0, mysql | 0, test_cli | 0
24206, 20211229.3, 2021-12-29T10:08:40.6561625Z, dependency_graph, succeeded, completed, compatibility_matrix Python38-PandasLatest | 2190, comprehensive Python38 | 5291, mysql | 4310, test_cli | 451
24118, 20211228.39, 2021-12-28T20:23:15.2335005Z, dependency_graph, succeeded, completed, compatibility_matrix Python38-PandasLatest | 8, comprehensive Python38 | 8, mysql | 8, test_cli | 279
24114, 20211228.38, 2021-12-28T20:15:59.2315212Z, dependency_graph, failed, completed, compatibility_matrix Python38-PandasLatest | 2287, comprehensive Python38 | 0, mysql | 0, test_cli | 0
24110, 20211228.37, 2021-12-28T20:14:48.8368935Z, dependency_graph, failed, completed, compatibility_matrix Python38-PandasLatest | 2563, comprehensive Python38 | 5802, mysql | 4796, test_cli | 0
24106, 20211228.36, 2021-12-28T20:10:36.3793004Z, dependency_graph, succeeded, completed, compatibility_matrix Python38-PandasLatest | 59, comprehensive Python38 | 59, mysql | 59, test_cli | 0
24226, 20211229.8, 2021-12-29T14:31:20.4587324Z, dependency_graph, succeeded, completed, compatibility_matrix Python38-PandasLatest | 0, comprehensive Python38 | 0, mysql | 0, test_cli | 0
24222, 20211229.7, 2021-12-29T14:11:13.379995Z, dependency_graph, succeeded, completed, compatibility_matrix Python38-PandasLatest | 0, comprehensive Python38 | 0, mysql | 0, test_cli | 0
24218, 20211229.6, 2021-12-29T14:08:20.4978512Z, dependency_graph, failed, completed, compatibility_matrix Python38-PandasLatest | 983, comprehensive Python38 | 1102, mysql | 1077, test_cli | 0
24214, 20211229.5, 2021-12-29T14:07:24.4141846Z, dependency_graph, succeeded, completed, compatibility_matrix Python38-PandasLatest | 0, comprehensive Python38 | 0, mysql | 0, test_cli | 0
24327, 20211229.34, 2021-12-29T16:33:23.0612509Z, dependency_graph, succeeded, completed, compatibility_matrix Python38-PandasLatest | 0, comprehensive Python38 | 0, mysql | 0, test_cli | 0
24323, 20211229.33, 2021-12-29T16:32:31.2271185Z, dependency_graph, succeeded, completed, compatibility_matrix Python38-PandasLatest | 0, comprehensive Python38 | 0, mysql | 0, test_cli | 0
24319, 20211229.32, 2021-12-29T16:31:58.0624226Z, dependency_graph, failed, completed, compatibility_matrix Python38-PandasLatest | 2191, comprehensive Python38 | 5292, mysql | 4311, test_cli | 0
24316, 20211229.31, 2021-12-29T16:28:44.190318Z, dependency_graph, succeeded, completed, compatibility_matrix Python38-PandasLatest | 0, comprehensive Python38 | 0, mysql | 0, test_cli | 0
24312, 20211229.30, 2021-12-29T16:27:52.7310833Z, dependency_graph, succeeded, completed, compatibility_matrix Python38-PandasLatest | 0, comprehensive Python38 | 0, mysql | 0, test_cli | 0
24308, 20211229.29, 2021-12-29T16:21:19.2671991Z, dependency_graph, succeeded, completed, compatibility_matrix Python38-PandasLatest | 0, comprehensive Python38 | 0, mysql | 0, test_cli | 0
24304, 20211229.28, 2021-12-29T16:07:29.9510758Z, dependency_graph, failed, completed, compatibility_matrix Python38-PandasLatest | 2551, comprehensive Python38 | 5790, mysql | 4784, test_cli | 0
24302, 20211229.27, 2021-12-29T16:07:26.4438657Z, dependency_graph, succeeded, completed, compatibility_matrix Python38-PandasLatest | 0, comprehensive Python38 | 0, mysql | 0, test_cli | 0
24296, 20211229.26, 2021-12-29T15:58:20.9649375Z, dependency_graph, failed, completed, compatibility_matrix Python38-PandasLatest | 2191, comprehensive Python38 | 5292, mysql | 4311, test_cli | 0
24293, 20211229.25, 2021-12-29T15:46:31.3529577Z, dependency_graph, succeeded, completed, compatibility_matrix Python38-PandasLatest | 0, comprehensive Python38 | 0, mysql | 0, test_cli | 0
24292, 20211229.24, 2021-12-29T15:46:30.7299504Z, dependency_graph, succeeded, completed, compatibility_matrix Python38-PandasLatest | 0, comprehensive Python38 | 0, mysql | 0, test_cli | 0
24291, 20211229.23, 2021-12-29T15:46:30.3949968Z, dependency_graph, succeeded, completed, compatibility_matrix Python38-PandasLatest | 0, comprehensive Python38 | 0, mysql | 0, test_cli | 0
24290, 20211229.22, 2021-12-29T15:46:28.5370527Z, dependency_graph, succeeded, completed, compatibility_matrix Python38-PandasLatest | 0, comprehensive Python38 | 0, mysql | 0, test_cli | 0
24286, 20211229.21, 2021-12-29T15:46:26.1995137Z, dependency_graph, succeeded, completed, compatibility_matrix Python38-PandasLatest | 0, comprehensive Python38 | 0, mysql | 0, test_cli | 0
24285, 20211229.20, 2021-12-29T15:46:25.7094914Z, dependency_graph, succeeded, completed, compatibility_matrix Python38-PandasLatest | 0, comprehensive Python38 | 0, mysql | 0, test_cli | 0
24280, 20211229.19, 2021-12-29T15:46:23.6187953Z, dependency_graph, succeeded, completed, compatibility_matrix Python38-PandasLatest | 0, comprehensive Python38 | 0, mysql | 0, test_cli | 0
24279, 20211229.18, 2021-12-29T15:46:23.4538319Z, dependency_graph, succeeded, completed, compatibility_matrix Python38-PandasLatest | 0, comprehensive Python38 | 0, mysql | 0, test_cli | 0
24275, 20211229.17, 2021-12-29T15:46:21.169906Z, dependency_graph, succeeded, completed, compatibility_matrix Python38-PandasLatest | 0, comprehensive Python38 | 0, mysql | 0, test_cli | 0
24274, 20211229.16, 2021-12-29T15:46:20.7616864Z, dependency_graph, succeeded, completed, compatibility_matrix Python38-PandasLatest | 0, comprehensive Python38 | 0, mysql | 0, test_cli | 0
24253, 20211229.15, 2021-12-29T15:45:26.063184Z, dependency_graph, succeeded, completed, compatibility_matrix Python38-PandasLatest | 0, comprehensive Python38 | 0, mysql | 0, test_cli | 0
24249, 20211229.14, 2021-12-29T15:42:33.5266643Z, dependency_graph, failed, completed, compatibility_matrix Python38-PandasLatest | 0, comprehensive Python38 | 0, mysql | 0, test_cli | 0
24245, 20211229.13, 2021-12-29T15:36:24.1586698Z, dependency_graph, failed, completed, compatibility_matrix Python38-PandasLatest | 2551, comprehensive Python38 | 5790, mysql | 4784, test_cli | 0
24241, 20211229.12, 2021-12-29T15:35:47.954724Z, dependency_graph, succeeded, completed, compatibility_matrix Python38-PandasLatest | 0, comprehensive Python38 | 0, mysql | 0, test_cli | 0
24237, 20211229.11, 2021-12-29T15:35:23.1459072Z, dependency_graph, succeeded, completed, compatibility_matrix Python38-PandasLatest | 0, comprehensive Python38 | 0, mysql | 0, test_cli | 0
24233, 20211229.10, 2021-12-29T15:23:03.7113657Z, dependency_graph, succeeded, completed, compatibility_matrix Python38-PandasLatest | 0, comprehensive Python38 | 0, mysql | 0, test_cli | 0
24229, 20211229.9, 2021-12-29T14:55:18.9633329Z, dependency_graph, failed, completed, compatibility_matrix Python38-PandasLatest | 2191, comprehensive Python38 | 5292, mysql | 4311, test_cli | 0
24335, 20211229.36, 2021-12-29T17:30:21.1564297Z, dependency_graph, succeeded, completed, compatibility_matrix Python38-PandasLatest | 0, comprehensive Python38 | 0, mysql | 0, test_cli | 0
24331, 20211229.35, 2021-12-29T17:24:40.7524729Z, dependency_graph, failed, completed, compatibility_matrix Python38-PandasLatest | 2395, comprehensive Python38 | 5635, mysql | 4628, test_cli | 0
24343, 20211229.38, 2021-12-29T19:58:50.0984884Z, dependency_graph, failed, completed, compatibility_matrix Python38-PandasLatest | 65, comprehensive Python38 | 65, mysql | 65, test_cli | 0
24339, 20211229.37, 2021-12-29T19:46:16.1953262Z, dependency_graph, failed, completed, compatibility_matrix Python38-PandasLatest | 0, comprehensive Python38 | 0, mysql | 0, test_cli | 0
24347, 20211229.39, 2021-12-29T21:11:05.407643Z, dependency_graph, failed, completed, compatibility_matrix Python38-PandasLatest | 0, comprehensive Python38 | 0, mysql | 0, test_cli | 0
24351, 20211229.40, 2021-12-29T21:27:29.4799551Z, dependency_graph, failed, completed, compatibility_matrix Python38-PandasLatest | 0, comprehensive Python38 | 0, mysql | 0, test_cli | 0
24357, 20211229.41, 2021-12-29T21:28:06.0636398Z, dependency_graph, succeeded, completed, compatibility_matrix Python38-PandasLatest | 0, comprehensive Python38 | 0, mysql | 0, test_cli | 20
24367, 20211230.1, 2021-12-30T07:40:58.7697586Z, dependency_graph, succeeded, completed, compatibility_matrix Python38-PandasLatest | 201, comprehensive Python38 | 201, mysql | 201, test_cli | 61
24363, 20211229.43, 2021-12-29T21:42:04.0593783Z, dependency_graph, succeeded, completed, compatibility_matrix Python38-PandasLatest | 74, comprehensive Python38 | 74, mysql | 74, test_cli | 0
24359, 20211229.42, 2021-12-29T21:28:10.6459992Z, dependency_graph, failed, completed, compatibility_matrix Python38-PandasLatest | 2399, comprehensive Python38 | 5641, mysql | 4634, test_cli | 0
24443, 20211230.21, 2021-12-30T21:07:01.1862675Z, dependency_graph, succeeded, completed, compatibility_matrix Python38-PandasLatest | 201, comprehensive Python38 | 201, mysql | 201, test_cli | 61
24440, 20211230.20, 2021-12-30T19:40:41.7826331Z, dependency_graph, succeeded, completed, compatibility_matrix Python38-PandasLatest | 0, comprehensive Python38 | 0, mysql | 0, test_cli | 0
24436, 20211230.19, 2021-12-30T19:38:12.0453238Z, dependency_graph, succeeded, completed, compatibility_matrix Python38-PandasLatest | 0, comprehensive Python38 | 0, mysql | 0, test_cli | 0
24433, 20211230.18, 2021-12-30T19:18:09.8457367Z, dependency_graph, succeeded, completed, compatibility_matrix Python38-PandasLatest | 0, comprehensive Python38 | 0, mysql | 0, test_cli | 0
24430, 20211230.17, 2021-12-30T19:02:36.4123193Z, dependency_graph, succeeded, completed, compatibility_matrix Python38-PandasLatest | 74, comprehensive Python38 | 74, mysql | 74, test_cli | 0
24426, 20211230.16, 2021-12-30T18:52:09.2562545Z, dependency_graph, succeeded, completed, compatibility_matrix Python38-PandasLatest | 0, comprehensive Python38 | 0, mysql | 0, test_cli | 0
24422, 20211230.15, 2021-12-30T18:51:28.8752401Z, dependency_graph, succeeded, completed, compatibility_matrix Python38-PandasLatest | 0, comprehensive Python38 | 0, mysql | 0, test_cli | 0
24421, 20211230.14, 2021-12-30T18:51:26.0423092Z, dependency_graph, succeeded, completed, compatibility_matrix Python38-PandasLatest | 0, comprehensive Python38 | 0, mysql | 0, test_cli | 0
24419, 20211230.13, 2021-12-30T18:51:23.2273055Z, dependency_graph, succeeded, completed, compatibility_matrix Python38-PandasLatest | 0, comprehensive Python38 | 0, mysql | 0, test_cli | 0
24418, 20211230.12, 2021-12-30T18:51:22.9740439Z, dependency_graph, succeeded, completed, compatibility_matrix Python38-PandasLatest | 0, comprehensive Python38 | 0, mysql | 0, test_cli | 0
24415, 20211230.11, 2021-12-30T18:51:21.6022481Z, dependency_graph, succeeded, completed, compatibility_matrix Python38-PandasLatest | 0, comprehensive Python38 | 0, mysql | 0, test_cli | 0
24414, 20211230.10, 2021-12-30T18:51:21.2805719Z, dependency_graph, succeeded, completed, compatibility_matrix Python38-PandasLatest | 0, comprehensive Python38 | 0, mysql | 0, test_cli | 0
24411, 20211230.9, 2021-12-30T18:51:19.905559Z, dependency_graph, succeeded, completed, compatibility_matrix Python38-PandasLatest | 0, comprehensive Python38 | 0, mysql | 0, test_cli | 0
24409, 20211230.8, 2021-12-30T18:51:18.6108783Z, dependency_graph, succeeded, completed, compatibility_matrix Python38-PandasLatest | 0, comprehensive Python38 | 0, mysql | 0, test_cli | 0
24403, 20211230.7, 2021-12-30T18:51:16.4020776Z, dependency_graph, succeeded, completed, compatibility_matrix Python38-PandasLatest | 0, comprehensive Python38 | 0, mysql | 0, test_cli | 0
24386, 20211230.6, 2021-12-30T18:50:25.8135776Z, dependency_graph, succeeded, completed, compatibility_matrix Python38-PandasLatest | 0, comprehensive Python38 | 0, mysql | 0, test_cli | 0
24382, 20211230.5, 2021-12-30T18:49:35.874495Z, dependency_graph, succeeded, completed, compatibility_matrix Python38-PandasLatest | 0, comprehensive Python38 | 0, mysql | 0, test_cli | 0
24378, 20211230.4, 2021-12-30T18:45:48.6670713Z, dependency_graph, succeeded, completed, compatibility_matrix Python38-PandasLatest | 0, comprehensive Python38 | 0, mysql | 0, test_cli | 0
24375, 20211230.3, 2021-12-30T16:20:26.8068639Z, dependency_graph, succeeded, completed, compatibility_matrix Python38-PandasLatest | 0, comprehensive Python38 | 0, mysql | 0, test_cli | 23
24469, 20211231.4, 2021-12-31T14:03:05.2283824Z, dependency_graph, succeeded, completed, compatibility_matrix Python38-PandasLatest | 0, comprehensive Python38 | 0, mysql | 0, test_cli | 0
24466, 20211231.3, 2021-12-31T12:30:20.6138082Z, dependency_graph, succeeded, completed, compatibility_matrix Python38-PandasLatest | 0, comprehensive Python38 | 0, mysql | 0, test_cli | 0
24461, 20211231.2, 2021-12-31T01:36:18.8240199Z, dependency_graph, succeeded, completed, compatibility_matrix Python38-PandasLatest | 0, comprehensive Python38 | 0, mysql | 0, test_cli | 0
24458, 20211231.1, 2021-12-31T01:20:04.3899128Z, dependency_graph, succeeded, completed, compatibility_matrix Python38-PandasLatest | 0, comprehensive Python38 | 0, mysql | 0, test_cli | 0
24455, 20211230.24, 2021-12-30T21:45:29.8931041Z, dependency_graph, succeeded, completed, compatibility_matrix Python38-PandasLatest | 0, comprehensive Python38 | 0, mysql | 0, test_cli | 0
24451, 20211230.23, 2021-12-30T21:35:58.1946882Z, dependency_graph, succeeded, completed, compatibility_matrix Python38-PandasLatest | 0, comprehensive Python38 | 0, mysql | 0, test_cli | 0
24447, 20211230.22, 2021-12-30T21:35:46.0829803Z, dependency_graph, succeeded, completed, compatibility_matrix Python38-PandasLatest | 0, comprehensive Python38 | 0, mysql | 0, test_cli | 0
24521, 20211231.17, 2021-12-31T21:52:48.717832Z, dependency_graph, succeeded, completed, compatibility_matrix Python38-PandasLatest | 0, comprehensive Python38 | 0, mysql | 0, test_cli | 0
24517, 20211231.16, 2021-12-31T21:34:40.6079968Z, dependency_graph, succeeded, completed, compatibility_matrix Python38-PandasLatest | 62, comprehensive Python38 | 62, mysql | 62, test_cli | 0
24513, 20211231.15, 2021-12-31T21:00:13.5578703Z, dependency_graph, succeeded, completed, compatibility_matrix Python38-PandasLatest | 60, comprehensive Python38 | 60, mysql | 60, test_cli | 0
24505, 20211231.13, 2021-12-31T20:40:05.8284592Z, dependency_graph, succeeded, completed, compatibility_matrix Python38-PandasLatest | 62, comprehensive Python38 | 62, mysql | 62, test_cli | 0
24485, 20211231.8, 2021-12-31T20:23:39.023557Z, dependency_graph, failed, completed, compatibility_matrix Python38-PandasLatest | 0, comprehensive Python38 | 0, mysql | 0, test_cli | 0
24481, 20211231.7, 2021-12-31T19:52:57.6850326Z, dependency_graph, succeeded, completed, compatibility_matrix Python38-PandasLatest | 0, comprehensive Python38 | 0, mysql | 0, test_cli | 0
24477, 20211231.6, 2021-12-31T19:02:15.7415789Z, dependency_graph, failed, completed, compatibility_matrix Python38-PandasLatest | 0, comprehensive Python38 | 0, mysql | 0, test_cli | 0
24473, 20211231.5, 2021-12-31T17:47:36.1403278Z, dependency_graph, failed, completed, compatibility_matrix Python38-PandasLatest | 0, comprehensive Python38 | 0, mysql | 0, test_cli | 0
24525, 20211231.18, 2021-12-31T22:03:21.9442204Z, dependency_graph, succeeded, completed, compatibility_matrix Python38-PandasLatest | 62, comprehensive Python38 | 62, mysql | 62, test_cli | 0
24717, 20220103.22, 2022-01-03T16:42:02.9164382Z, dependency_graph, succeeded, completed, compatibility_matrix Python38-PandasLatest | 0, comprehensive Python38 | 0, mysql | 0, test_cli | 0
24714, 20220103.21, 2022-01-03T16:23:04.2426459Z, dependency_graph, succeeded, completed, compatibility_matrix Python38-PandasLatest | 0, comprehensive Python38 | 0, mysql | 0, test_cli | 23
24710, 20220103.20, 2022-01-03T16:18:20.5765354Z, dependency_graph, succeeded, completed, compatibility_matrix Python38-PandasLatest | 0, comprehensive Python38 | 0, mysql | 0, test_cli | 0
24703, 20220103.18, 2022-01-03T16:02:31.1536083Z, dependency_graph, failed, completed, compatibility_matrix Python38-PandasLatest | 982, comprehensive Python38 | 1103, mysql | 1076, test_cli | 0
24699, 20220103.17, 2022-01-03T15:55:26.1287379Z, dependency_graph, succeeded, completed, compatibility_matrix Python38-PandasLatest | 0, comprehensive Python38 | 0, mysql | 0, test_cli | 0
24695, 20220103.16, 2022-01-03T15:48:34.2450228Z, dependency_graph, succeeded, completed, compatibility_matrix Python38-PandasLatest | 0, comprehensive Python38 | 0, mysql | 0, test_cli | 0
24689, 20220103.14, 2022-01-03T15:47:02.731912Z, dependency_graph, succeeded, completed, compatibility_matrix Python38-PandasLatest | 0, comprehensive Python38 | 0, mysql | 0, test_cli | 0
24686, 20220103.13, 2022-01-03T15:46:32.1321857Z, dependency_graph, succeeded, completed, compatibility_matrix Python38-PandasLatest | 0, comprehensive Python38 | 0, mysql | 0, test_cli | 0
24682, 20220103.12, 2022-01-03T15:45:19.5314907Z, dependency_graph, succeeded, completed, compatibility_matrix Python38-PandasLatest | 0, comprehensive Python38 | 0, mysql | 0, test_cli | 0
24678, 20220103.11, 2022-01-03T15:43:36.5313396Z, dependency_graph, succeeded, completed, compatibility_matrix Python38-PandasLatest | 0, comprehensive Python38 | 0, mysql | 0, test_cli | 0
24675, 20220103.10, 2022-01-03T15:39:45.357787Z, dependency_graph, succeeded, completed, compatibility_matrix Python38-PandasLatest | 0, comprehensive Python38 | 0, mysql | 0, test_cli | 0
24671, 20220103.9, 2022-01-03T15:30:32.3140867Z, dependency_graph, succeeded, completed, compatibility_matrix Python38-PandasLatest | 0, comprehensive Python38 | 0, mysql | 0, test_cli | 0
24667, 20220103.8, 2022-01-03T15:28:03.7528416Z, dependency_graph, succeeded, completed, compatibility_matrix Python38-PandasLatest | 0, comprehensive Python38 | 0, mysql | 0, test_cli | 0
24663, 20220103.7, 2022-01-03T15:00:56.649082Z, dependency_graph, succeeded, completed, compatibility_matrix Python38-PandasLatest | 0, comprehensive Python38 | 0, mysql | 0, test_cli | 0
24659, 20220103.6, 2022-01-03T14:52:45.7208381Z, dependency_graph, succeeded, completed, compatibility_matrix Python38-PandasLatest | 0, comprehensive Python38 | 0, mysql | 0, test_cli | 0
24655, 20220103.5, 2022-01-03T14:36:27.495782Z, dependency_graph, succeeded, completed, compatibility_matrix Python38-PandasLatest | 0, comprehensive Python38 | 0, mysql | 0, test_cli | 0
24651, 20220103.4, 2022-01-03T14:16:34.5031002Z, dependency_graph, succeeded, completed, compatibility_matrix Python38-PandasLatest | 0, comprehensive Python38 | 0, mysql | 0, test_cli | 0
24647, 20220103.3, 2022-01-03T14:12:59.3670684Z, dependency_graph, succeeded, completed, compatibility_matrix Python38-PandasLatest | 29, comprehensive Python38 | 29, mysql | 29, test_cli | 0
24643, 20220103.2, 2022-01-03T14:10:47.8344359Z, dependency_graph, succeeded, completed, compatibility_matrix Python38-PandasLatest | 0, comprehensive Python38 | 0, mysql | 0, test_cli | 0
24639, 20220103.1, 2022-01-03T14:04:44.2482452Z, dependency_graph, succeeded, completed, compatibility_matrix Python38-PandasLatest | 0, comprehensive Python38 | 0, mysql | 0, test_cli | 0
24635, 20220102.18, 2022-01-02T22:14:38.7852737Z, dependency_graph, succeeded, completed, compatibility_matrix Python38-PandasLatest | 10, comprehensive Python38 | 10, mysql | 10, test_cli | 0
24631, 20220102.17, 2022-01-02T21:58:41.9357998Z, dependency_graph, succeeded, completed, compatibility_matrix Python38-PandasLatest | 0, comprehensive Python38 | 0, mysql | 0, test_cli | 0
24627, 20220102.16, 2022-01-02T07:38:55.6228477Z, dependency_graph, failed, completed, compatibility_matrix Python38-PandasLatest | 2708, comprehensive Python38 | 5947, mysql | 4941, test_cli | 0
24624, 20220102.15, 2022-01-02T07:35:25.3511468Z, dependency_graph, failed, completed, compatibility_matrix Python38-PandasLatest | 0, comprehensive Python38 | 0, mysql | 0, test_cli | 0
24621, 20220102.14, 2022-01-02T07:28:47.6665264Z, dependency_graph, failed, completed, compatibility_matrix Python38-PandasLatest | 0, comprehensive Python38 | 0, mysql | 0, test_cli | 0
24618, 20220102.13, 2022-01-02T07:25:37.5400565Z, dependency_graph, failed, completed, compatibility_matrix Python38-PandasLatest | 0, comprehensive Python38 | 0, mysql | 0, test_cli | 0
24615, 20220102.12, 2022-01-02T07:22:39.1923656Z, dependency_graph, failed, completed, compatibility_matrix Python38-PandasLatest | 0, comprehensive Python38 | 0, mysql | 0, test_cli | 0
24612, 20220102.11, 2022-01-02T07:18:25.8598712Z, dependency_graph, failed, completed, compatibility_matrix Python38-PandasLatest | 0, comprehensive Python38 | 0, mysql | 0, test_cli | 0
24608, 20220102.10, 2022-01-02T06:14:46.9192849Z, dependency_graph, failed, completed, compatibility_matrix Python38-PandasLatest | 0, comprehensive Python38 | 0, mysql | 0, test_cli | 0
24602, 20220102.8, 2022-01-02T06:02:53.4631143Z, dependency_graph, failed, completed, compatibility_matrix Python38-PandasLatest | 0, comprehensive Python38 | 0, mysql | 0, test_cli | 0
24596, 20220102.6, 2022-01-02T03:53:24.8723436Z, dependency_graph, failed, completed, compatibility_matrix Python38-PandasLatest | 0, comprehensive Python38 | 0, mysql | 0, test_cli | 0
24593, 20220102.5, 2022-01-02T03:40:21.3521072Z, dependency_graph, failed, completed, compatibility_matrix Python38-PandasLatest | 0, comprehensive Python38 | 0, mysql | 0, test_cli | 0
24590, 20220102.4, 2022-01-02T01:09:00.175266Z, dependency_graph, failed, completed, compatibility_matrix Python38-PandasLatest | 0, comprehensive Python38 | 0, mysql | 0, test_cli | 0
24587, 20220102.3, 2022-01-02T00:53:46.9400656Z, dependency_graph, failed, completed, compatibility_matrix Python38-PandasLatest | 0, comprehensive Python38 | 0, mysql | 0, test_cli | 0
24584, 20220102.2, 2022-01-02T00:42:57.0150455Z, dependency_graph, failed, completed, compatibility_matrix Python38-PandasLatest | 0, comprehensive Python38 | 0, mysql | 0, test_cli | 0
24581, 20220102.1, 2022-01-02T00:25:58.9198274Z, dependency_graph, failed, completed, compatibility_matrix Python38-PandasLatest | 0, comprehensive Python38 | 0, mysql | 0, test_cli | 0
24578, 20220101.16, 2022-01-01T21:48:09.8282233Z, dependency_graph, failed, completed, compatibility_matrix Python38-PandasLatest | 0, comprehensive Python38 | 0, mysql | 0, test_cli | 0
24575, 20220101.15, 2022-01-01T21:34:51.0679741Z, dependency_graph, failed, completed, compatibility_matrix Python38-PandasLatest | 0, comprehensive Python38 | 0, mysql | 0, test_cli | 0
24572, 20220101.14, 2022-01-01T21:18:55.7921979Z, dependency_graph, failed, completed, compatibility_matrix Python38-PandasLatest | 0, comprehensive Python38 | 0, mysql | 0, test_cli | 0
24569, 20220101.13, 2022-01-01T18:47:13.1786879Z, dependency_graph, failed, completed, compatibility_matrix Python38-PandasLatest | 0, comprehensive Python38 | 0, mysql | 0, test_cli | 0
24566, 20220101.12, 2022-01-01T18:32:18.9615835Z, dependency_graph, failed, completed, compatibility_matrix Python38-PandasLatest | 0, comprehensive Python38 | 0, mysql | 0, test_cli | 0
24563, 20220101.11, 2022-01-01T17:42:00.6970188Z, dependency_graph, failed, completed, compatibility_matrix Python38-PandasLatest | 0, comprehensive Python38 | 0, mysql | 0, test_cli | 0
24560, 20220101.10, 2022-01-01T17:32:49.1667962Z, dependency_graph, failed, completed, compatibility_matrix Python38-PandasLatest | 0, comprehensive Python38 | 0, mysql | 0, test_cli | 0
24557, 20220101.9, 2022-01-01T17:20:25.6522513Z, dependency_graph, failed, completed, compatibility_matrix Python38-PandasLatest | 0, comprehensive Python38 | 0, mysql | 0, test_cli | 0
24554, 20220101.8, 2022-01-01T17:18:09.1269065Z, dependency_graph, failed, completed, compatibility_matrix Python38-PandasLatest | 0, comprehensive Python38 | 0, mysql | 0, test_cli | 0
24551, 20220101.7, 2022-01-01T17:15:24.6125153Z, dependency_graph, failed, completed, compatibility_matrix Python38-PandasLatest | 0, comprehensive Python38 | 0, mysql | 0, test_cli | 0
24545, 20220101.5, 2022-01-01T16:45:54.4658771Z, dependency_graph, succeeded, completed, compatibility_matrix Python38-PandasLatest | 0, comprehensive Python38 | 0, mysql | 0, test_cli | 0
24541, 20220101.4, 2022-01-01T15:16:59.0034776Z, dependency_graph, failed, completed, compatibility_matrix Python38-PandasLatest | 0, comprehensive Python38 | 0, mysql | 0, test_cli | 0
24537, 20220101.3, 2022-01-01T14:04:39.267821Z, dependency_graph, failed, completed, compatibility_matrix Python38-PandasLatest | 0, comprehensive Python38 | 0, mysql | 0, test_cli | 0
24533, 20220101.2, 2022-01-01T13:53:44.9750637Z, dependency_graph, failed, completed, compatibility_matrix Python38-PandasLatest | 0, comprehensive Python38 | 0, mysql | 0, test_cli | 0
24529, 20220101.1, 2022-01-01T03:12:31.8244278Z, dependency_graph, failed, completed, compatibility_matrix Python38-PandasLatest | 0, comprehensive Python38 | 0, mysql | 0, test_cli | 0
24720, 20220103.23, 2022-01-03T16:58:47.0059405Z, dependency_graph, succeeded, completed, compatibility_matrix Python38-PandasLatest | 0, comprehensive Python38 | 0, mysql | 0, test_cli | 0
24752, 20220103.31, 2022-01-03T21:02:11.959952Z, dependency_graph, succeeded, completed, compatibility_matrix Python38-PandasLatest | 0, comprehensive Python38 | 0, mysql | 0, test_cli | 0
24748, 20220103.30, 2022-01-03T20:58:40.6273059Z, dependency_graph, succeeded, completed, compatibility_matrix Python38-PandasLatest | 0, comprehensive Python38 | 0, mysql | 0, test_cli | 0
24740, 20220103.28, 2022-01-03T20:55:33.0295957Z, dependency_graph, succeeded, completed, compatibility_matrix Python38-PandasLatest | 0, comprehensive Python38 | 0, mysql | 0, test_cli | 0
24736, 20220103.27, 2022-01-03T20:24:53.8630034Z, dependency_graph, succeeded, completed, compatibility_matrix Python38-PandasLatest | 2218, comprehensive Python38 | 5443, mysql | 4438, test_cli | 440
24732, 20220103.26, 2022-01-03T20:16:19.6040921Z, dependency_graph, failed, completed, compatibility_matrix Python38-PandasLatest | 0, comprehensive Python38 | 0, mysql | 0, test_cli | 0
24728, 20220103.25, 2022-01-03T19:39:16.9013227Z, dependency_graph, succeeded, completed, compatibility_matrix Python38-PandasLatest | 0, comprehensive Python38 | 0, mysql | 0, test_cli | 0
24724, 20220103.24, 2022-01-03T19:32:15.8467212Z, dependency_graph, succeeded, completed, compatibility_matrix Python38-PandasLatest | 0, comprehensive Python38 | 0, mysql | 0, test_cli | 0
24768, 20220103.35, 2022-01-03T21:53:55.7545165Z, dependency_graph, succeeded, completed, compatibility_matrix Python38-PandasLatest | 0, comprehensive Python38 | 0, mysql | 0, test_cli | 0
24764, 20220103.34, 2022-01-03T21:52:21.243038Z, dependency_graph, succeeded, completed, compatibility_matrix Python38-PandasLatest | 0, comprehensive Python38 | 0, mysql | 0, test_cli | 0
24760, 20220103.33, 2022-01-03T21:15:14.6889308Z, dependency_graph, succeeded, completed, compatibility_matrix Python38-PandasLatest | 0, comprehensive Python38 | 0, mysql | 0, test_cli | 0
24756, 20220103.32, 2022-01-03T21:02:55.4366886Z, dependency_graph, failed, completed, compatibility_matrix Python38-PandasLatest | 2393, comprehensive Python38 | 5635, mysql | 4628, test_cli | 0
24836, 20220104.5, 2022-01-04T06:47:37.5425629Z, dependency_graph, succeeded, completed, compatibility_matrix Python38-PandasLatest | 62, comprehensive Python38 | 62, mysql | 62, test_cli | 0
24832, 20220104.4, 2022-01-04T06:18:06.8218816Z, dependency_graph, succeeded, completed, compatibility_matrix Python38-PandasLatest | 62, comprehensive Python38 | 62, mysql | 62, test_cli | 0
24827, 20220104.3, 2022-01-04T02:18:51.5720046Z, dependency_graph, succeeded, completed, compatibility_matrix Python38-PandasLatest | 62, comprehensive Python38 | 62, mysql | 62, test_cli | 0
24819, 20220104.1, 2022-01-04T00:08:42.6541289Z, dependency_graph, failed, completed, compatibility_matrix Python38-PandasLatest | 0, comprehensive Python38 | 0, mysql | 0, test_cli | 0
24816, 20220103.47, 2022-01-03T23:43:34.7554457Z, dependency_graph, succeeded, completed, compatibility_matrix Python38-PandasLatest | 62, comprehensive Python38 | 62, mysql | 62, test_cli | 0
24812, 20220103.46, 2022-01-03T23:20:10.2904891Z, dependency_graph, succeeded, completed, compatibility_matrix Python38-PandasLatest | 0, comprehensive Python38 | 0, mysql | 0, test_cli | 0
24808, 20220103.45, 2022-01-03T23:19:28.4556633Z, dependency_graph, failed, completed, compatibility_matrix Python38-PandasLatest | 0, comprehensive Python38 | 0, mysql | 0, test_cli | 0
24804, 20220103.44, 2022-01-03T23:19:05.7224461Z, dependency_graph, failed, completed, compatibility_matrix Python38-PandasLatest | 0, comprehensive Python38 | 0, mysql | 0, test_cli | 0
24800, 20220103.43, 2022-01-03T23:05:55.5653339Z, dependency_graph, succeeded, completed, compatibility_matrix Python38-PandasLatest | 0, comprehensive Python38 | 0, mysql | 0, test_cli | 0
24796, 20220103.42, 2022-01-03T22:25:24.7969047Z, dependency_graph, succeeded, completed, compatibility_matrix Python38-PandasLatest | 990, comprehensive Python38 | 1111, mysql | 1084, test_cli | 440
24792, 20220103.41, 2022-01-03T22:17:50.9297461Z, dependency_graph, failed, completed, compatibility_matrix Python38-PandasLatest | 0, comprehensive Python38 | 0, mysql | 0, test_cli | 0
24788, 20220103.40, 2022-01-03T22:13:25.5932705Z, dependency_graph, succeeded, completed, compatibility_matrix Python38-PandasLatest | 0, comprehensive Python38 | 0, mysql | 0, test_cli | 0
24780, 20220103.38, 2022-01-03T22:06:48.213973Z, dependency_graph, succeeded, completed, compatibility_matrix Python38-PandasLatest | 0, comprehensive Python38 | 0, mysql | 0, test_cli | 0
24776, 20220103.37, 2022-01-03T22:02:49.2521161Z, dependency_graph, succeeded, completed, compatibility_matrix Python38-PandasLatest | 0, comprehensive Python38 | 0, mysql | 0, test_cli | 0
24840, 20220104.6, 2022-01-04T14:17:49.9295214Z, dependency_graph, failed, completed, compatibility_matrix Python38-PandasLatest | 2393, comprehensive Python38 | 5635, mysql | 4628, test_cli | 0
24879, 20220104.16, 2022-01-04T17:18:04.6201484Z, dependency_graph, succeeded, completed, compatibility_matrix Python38-PandasLatest | 2638, comprehensive Python38 | 5880, mysql | 4873, test_cli | 432
24875, 20220104.15, 2022-01-04T17:16:51.6324008Z, dependency_graph, succeeded, completed, compatibility_matrix Python38-PandasLatest | 62, comprehensive Python38 | 62, mysql | 62, test_cli | 0
24867, 20220104.13, 2022-01-04T16:47:35.9995281Z, dependency_graph, failed, completed, compatibility_matrix Python38-PandasLatest | 2401, comprehensive Python38 | 5643, mysql | 4636, test_cli | 0
24855, 20220104.10, 2022-01-04T16:35:50.0608495Z, dependency_graph, succeeded, completed, compatibility_matrix Python38-PandasLatest | 251, comprehensive Python38 | 251, mysql | 251, test_cli | 130
24851, 20220104.9, 2022-01-04T15:47:35.3827377Z, dependency_graph, failed, completed, compatibility_matrix Python38-PandasLatest | 2399, comprehensive Python38 | 5641, mysql | 4634, test_cli | 0
24847, 20220104.8, 2022-01-04T15:00:59.3174795Z, dependency_graph, succeeded, completed, compatibility_matrix Python38-PandasLatest | 0, comprehensive Python38 | 0, mysql | 0, test_cli | 0
24844, 20220104.7, 2022-01-04T14:53:03.925918Z, dependency_graph, failed, completed, compatibility_matrix Python38-PandasLatest | 2397, comprehensive Python38 | 5639, mysql | 4632, test_cli | 0
24883, 20220104.17, 2022-01-04T17:58:13.8876801Z, dependency_graph, failed, completed, compatibility_matrix Python38-PandasLatest | 2401, comprehensive Python38 | 5643, mysql | 4636, test_cli | 0
